time,ia,ib,ic
9.5367431640625e-07,0.0,0.00912,0.0
0.030550003051757812,0.01824,0.0,0.01368
0.06090283393859863,0.0,0.00912,0.01368
0.11775374412536621,0.0,0.01824,0.00912
0.17724370956420898,0.00456,0.0,0.01824
0.20713067054748535,0.01824,0.01824,0.00912
0.2368297576904297,0.00456,0.00456,0.01368
0.2987058162689209,0.03647,0.02279,0.0
0.33033180236816406,0.00912,0.01368,0.00912
0.388502836227417,0.00912,0.00456,0.0
0.4167459011077881,0.0,0.00912,0.02279
0.4779026508331299,-0.00456,0.01368,0.00456
0.5067408084869385,0.00456,0.00912,0.00912
0.5721657276153564,0.00912,0.00912,0.01368
0.6027247905731201,0.01368,0.0,0.02279
0.6582057476043701,0.02735,0.0,0.00456
0.6944959163665771,0.00456,0.01368,0.00456
0.7205948829650879,0.00456,0.0,0.00912
0.7801039218902588,0.01824,0.0,0.02279
0.8068587779998779,0.00912,0.0,0.02279
0.8668978214263916,0.00456,0.01824,0.00912
0.9099278450012207,0.0,0.0,0.00456
0.9657158851623535,0.00456,0.01824,0.00912
0.9974970817565918,0.00456,0.00456,0.0
1.0567307472229004,0.00912,0.01368,0.01824
1.0769457817077637,0.01824,0.00456,0.00456
1.1378259658813477,0.0,0.0,0.0
1.1678597927093506,0.01824,0.03191,0.0
1.2295408248901367,0.01824,0.02279,0.00456
1.260174036026001,0.0,-0.00456,0.00912
1.3172478675842285,0.01824,0.00456,0.00912
1.3548200130462646,0.01368,0.02279,0.00456
1.3767857551574707,0.0,0.0,0.00912
1.4368948936462402,0.0,0.00456,0.00912
1.4723148345947266,0.00456,0.00456,-0.00456
1.5363597869873047,0.00912,0.00456,0.0
1.5573978424072266,0.00912,0.0,0.0
1.6178247928619385,0.02279,0.00912,0.00456
1.655503749847412,-0.00456,0.00456,0.00456
1.7078418731689453,-0.00456,0.03647,-0.00456
1.737884759902954,0.02279,0.00456,0.00912
1.8011717796325684,0.01368,0.01824,0.00456
1.8290038108825684,0.0,0.00456,0.00912
1.8882298469543457,0.0,0.00912,0.01368
1.9168739318847656,0.0,0.00912,0.02279
1.9862110614776611,0.0,0.00456,0.0
2.037731647491455,0.00456,0.0,0.00912
2.039820909500122,0.0,0.00912,0.02279
2.0999228954315186,0.0,0.02735,-0.00456
2.1381828784942627,0.0,0.0,0.0
2.188011884689331,0.0,0.00456,0.03191
2.2217819690704346,0.00456,0.01368,0.02279
2.2822608947753906,0.00912,0.0,0.0
2.3136708736419678,0.00912,0.00456,0.00912
2.3742330074310303,0.01824,0.0,0.0
2.396780014038086,0.0,0.00912,0.00912
2.457873821258545,0.0,0.0,0.0
2.486724853515625,0.00912,0.00912,0.01824
2.550689935684204,-0.02279,0.01368,0.0
2.5770838260650635,0.00456,0.0,0.0
2.637873888015747,0.00912,0.02279,0.01824
2.667559862136841,0.0,0.00456,0.00456
2.6990456581115723,-0.00912,-0.00456,0.0
2.7603230476379395,0.00912,0.0,0.00456
2.789930820465088,0.00912,0.01824,0.03647
2.850456953048706,0.00912,0.03191,0.00912
2.8796498775482178,0.0,0.0,0.0
2.938236713409424,0.00456,0.00456,0.00456
2.976163625717163,0.0,0.00456,-0.00912
3.0270018577575684,0.00912,0.01824,0.00456
3.057105779647827,0.00912,0.02279,0.00912
3.1196818351745605,0.0,0.00456,0.02279
3.154348850250244,0.00912,0.0,0.0
3.2082149982452393,0.00912,0.00456,0.01368
3.236865997314453,0.00912,0.01824,0.02279
3.2978878021240234,0.00456,0.00912,0.00456
3.3292579650878906,0.00456,0.0,0.00912
3.3571248054504395,0.03191,0.00912,0.0
3.4173097610473633,0.00912,-0.00456,0.00456
3.446715831756592,-0.00456,0.00456,-0.00456
3.506894826889038,0.00912,0.00912,0.00912
3.5368478298187256,0.0,0.0,0.0
3.5983710289001465,0.00456,0.01824,0.00456
3.6289398670196533,0.00912,0.0,-0.00456
3.6881017684936523,0.00456,0.03191,0.00912
3.7166807651519775,0.03191,-0.00456,0.01368
3.778073787689209,0.00912,0.02279,0.02279
3.806680917739868,0.01368,0.02279,0.00912
3.8683958053588867,-0.00456,-0.00456,0.0
3.896847724914551,-0.00912,0.01368,0.00456
3.9566478729248047,0.00456,0.01824,0.01824
3.9866957664489746,0.00912,0.02279,0.00456
4.025647878646851,0.02279,0.00912,0.00456
4.076708793640137,0.00456,0.01824,0.00456
4.115296840667725,0.01368,0.00912,0.01368
4.1678948402404785,0.0,0.00456,0.0
4.203634738922119,0.00456,0.0,0.00912
4.287683963775635,0.00456,-0.00456,-0.00456
4.289190769195557,0.00456,0.00912,0.0
4.355448007583618,0.01368,0.04103,0.00912
4.378443002700806,0.01824,0.0,0.02279
4.439858913421631,0.0,0.00912,0.00912
4.472326755523682,0.00456,0.0,0.0
4.527885913848877,-0.01368,0.0,0.00456
4.557219743728638,0.0,0.00456,0.0
4.626189947128296,0.0,0.00912,0.00456
4.646806955337524,0.01824,-0.00456,0.00456
4.676709890365601,0.03191,0.00912,0.0
4.742097854614258,0.0,-0.00456,0.00912
4.76689887046814,0.01824,0.00912,0.0
4.827782869338989,0.00912,0.01368,0.00912
4.859500885009766,0.0,0.0,0.0
4.916908025741577,0.0,0.0,0.0
4.946958780288696,0.01824,0.00912,0.00456
5.0067219734191895,0.00912,0.02279,-0.00456
5.036726951599121,0.01824,0.0,0.00912
5.0977888107299805,0.00912,0.01824,0.00456
5.126929759979248,-0.00456,0.00912,-0.00912
5.1887359619140625,-0.00456,0.01824,0.01368
5.223745822906494,0.00456,0.00456,0.04103
5.276910066604614,-0.00456,0.00912,0.0
5.308780908584595,0.0,0.0,0.00912
5.336751699447632,0.02279,0.01368,0.01368
5.40335488319397,0.00456,0.00912,0.0
5.4289398193359375,0.00456,0.0,0.00912
5.487346887588501,0.0,-0.00456,0.01368
5.518615007400513,0.00456,0.01824,0.00912
5.580289840698242,0.02279,0.02279,0.00456
5.636760950088501,0.00912,0.0,0.00912
5.666727781295776,0.00912,0.00456,0.00456
5.696884870529175,0.00912,0.00912,0.00912
5.760721921920776,0.0,0.0,0.00912
5.794008016586304,0.00456,0.00912,-0.00912
5.846817970275879,0.01368,-0.00456,0.0
5.8767359256744385,0.01368,0.00456,0.00456
5.936764717102051,0.0,0.01368,0.0
5.970912933349609,0.00912,-0.00456,0.0
6.005573749542236,0.00912,0.00912,0.0
6.0581066608428955,0.01824,0.01368,0.00456
6.086845874786377,0.0,0.0,-0.00456
6.179373025894165,0.0,0.0,0.01824
6.180668830871582,0.00912,-0.00912,-0.00456
6.2445807456970215,0.0,0.02279,0.00912
6.266899824142456,0.0,0.00456,0.0
6.327488899230957,0.00456,0.0,0.00456
6.360316753387451,-0.00456,0.01368,0.01368
6.416830778121948,0.0,0.00912,0.00912
6.446778774261475,0.00912,0.00912,0.0
6.5067408084869385,0.00912,0.01368,0.0
6.537051677703857,0.01824,0.00456,0.00912
6.5968639850616455,0.01368,0.02279,0.0
6.631763935089111,0.01824,0.0,0.0
6.687330007553101,0.02279,0.01824,0.01824
6.716874837875366,0.0,0.00912,0.00456
6.7468767166137695,0.00912,-0.02279,0.00456
6.807821989059448,0.00912,0.00912,0.0
6.84380578994751,0.01368,0.01368,0.00912
6.896917819976807,0.0,0.0,0.01824
6.927486896514893,0.01824,0.0,0.00456
6.987796783447266,0.00456,0.00912,0.05926
7.023490905761719,0.00456,0.00912,0.0
7.077136754989624,0.0,0.00912,0.00456
7.1067798137664795,0.00456,0.0,0.0
7.175301790237427,0.0,0.00456,-0.01368
7.19695782661438,0.00456,0.0,0.00912
7.257522821426392,0.0,0.00912,0.0
7.287752866744995,0.01368,0.00912,0.0
7.321141958236694,0.01824,0.00456,0.03647
7.407667875289917,0.0,0.0,0.00456
7.409096956253052,-0.00456,0.0,0.00456
7.470819711685181,0.0,0.0,0.01368
7.496943712234497,0.00456,0.01368,0.0
7.569357872009277,0.00456,0.0,-0.00456
7.588008880615234,0.0,0.00912,0.0
7.647988796234131,0.01824,0.0,0.0
7.676762819290161,-0.00912,-0.00912,-0.00912
7.7453649044036865,0.0,0.04559,0.01824
7.766918897628784,0.0,0.01368,0.0
7.829524993896484,0.01368,0.00456,0.00456
7.863018989562988,-0.00456,0.0,0.00456
7.91863489151001,0.00456,0.0,0.00456
7.948268890380859,0.0,0.0,0.00912
7.976837873458862,0.00456,0.00456,0.01368
8.037081003189087,0.0,0.00912,0.0
8.069325923919678,-0.00456,-0.00456,0.0
8.140825033187866,0.00912,0.00912,0.0
8.159241914749146,0.00912,0.00912,0.0
8.222877740859985,0.0,0.0,0.00456
8.255889892578125,0.00456,-0.00456,0.01368
8.307801723480225,0.00456,0.0,0.01824
8.337610960006714,-0.00456,0.00912,0.00912
8.39690375328064,0.00912,0.0,0.02279
8.43129587173462,0.00912,0.00912,0.01824
8.487827777862549,0.02279,0.00912,0.0
8.525697946548462,0.00456,0.0,0.0
8.576900005340576,0.02279,0.00912,0.00912
8.608116865158081,0.01368,0.02279,0.00456
8.636979818344116,0.00456,0.02735,0.0
8.698247909545898,0.01824,0.0,0.01824
8.730146884918213,0.01368,-0.00456,-0.00456
8.792882919311523,-0.00456,0.01824,0.0
8.824863910675049,0.01368,0.0,0.00912
8.877809762954712,0.00912,0.02279,0.00456
8.906785011291504,0.0,0.01368,-0.00456
8.966924905776978,0.0,0.01824,0.01824
8.998660802841187,0.00456,0.0,-0.00456
9.056607961654663,0.03191,0.0,0.01824
9.09337067604065,0.00456,-0.00456,0.01824
9.176779985427856,0.01368,0.00912,0.00912
9.187315940856934,0.0,0.05471,0.02279
9.237806797027588,0.00912,0.01368,0.01368
9.267009019851685,0.00912,0.00912,0.0
9.297857999801636,-0.00456,0.0,0.01368
9.361165046691895,0.00912,0.01824,0.00456
9.393815040588379,0.02279,0.00912,0.02279
9.446798086166382,0.02279,0.01824,0.00456
9.476964712142944,0.02279,0.00912,0.00912
9.54037594795227,0.0,0.01824,0.0
9.568540811538696,0.0,0.0,0.01824
9.627497911453247,0.0,0.01824,0.00912
9.661673784255981,0.00456,0.00456,0.0
9.716776847839355,0.0,0.01368,0.00456
9.749798774719238,0.0,0.0,0.00912
9.80677604675293,-0.00912,-0.00912,0.0
9.844194889068604,0.00456,0.00456,0.0
9.897937774658203,0.00912,0.00912,0.0
9.92811369895935,0.00912,0.01824,0.00912
9.956625699996948,0.01368,0.00912,0.01368
10.017807722091675,0.00456,0.0,0.01824
10.051386833190918,0.00912,0.02279,0.01824
10.136730670928955,0.00456,0.00912,0.02279
10.138985872268677,0.00456,0.00912,0.02279
10.228212833404541,-0.00456,0.01368,0.01368
10.229568004608154,0.02279,0.00456,0.00912
10.286936044692993,0.02279,0.03191,0.01368
10.325204849243164,0.00456,-0.00456,-0.00456
10.376973867416382,0.0,0.0,0.00456
10.407811880111694,0.00912,0.03191,0.01824
10.469286918640137,0.01824,0.03191,0.0
10.49779200553894,0.0,0.0,0.00456
10.55753493309021,0.0,0.0,-0.01368
10.587814807891846,0.00456,0.0,0.00456
10.61701774597168,0.01824,0.00912,0.00456
10.677797794342041,0.02279,0.0,0.0
10.712309837341309,0.00456,0.0,0.00456
10.767078876495361,0.02279,0.0,0.00912
10.796783685684204,0.02279,0.00912,0.00912
10.858891010284424,-0.01368,-0.00456,0.05015
10.886702060699463,0.03191,0.01824,-0.00456
10.952722787857056,0.0,0.0,0.01368
10.977183818817139,0.02279,0.00456,0.0
11.037922859191895,0.00912,-0.00912,0.00456
11.066922903060913,-0.01368,-0.00912,0.00456
11.131947994232178,0.00912,0.01368,-0.00456
11.160240888595581,-0.00456,0.03647,-0.02735
11.217335939407349,0.0,0.00456,0.00912
11.276721715927124,0.00456,0.0,0.05471
11.279045820236206,0.00456,0.0,0.05471
11.337808847427368,0.00912,0.0,0.01368
11.366875886917114,0.00456,0.0,0.0
11.433639764785767,0.00456,0.03191,0.01824
11.456601858139038,-0.00456,-0.00456,-0.00456
11.519205808639526,0.02279,0.0,0.02735
11.54987382888794,0.00456,0.01368,0.0
11.61737585067749,0.00456,0.0,0.00912
11.637219667434692,0.00912,-0.00912,0.01368
11.698757886886597,0.00456,0.00456,0.00456
11.735244035720825,0.00912,0.02279,0.00456
11.786793947219849,0.01368,0.00912,0.00912
11.81814193725586,0.0,-0.00456,0.0
11.877858877182007,0.01368,0.0,0.0
11.906830072402954,0.01368,-0.00912,0.01368
11.936927795410156,0.0,0.0,0.01368
12.001688957214355,0.02279,0.01824,0.03191
12.026941776275635,0.00912,0.00912,0.00912
12.08785080909729,0.01824,0.00912,-0.00912
12.11900782585144,0.00912,0.01824,0.02279
12.177955627441406,0.00912,0.00456,0.00456
12.20698595046997,0.0,0.0,0.00456
12.266892910003662,0.01824,-0.00912,0.02279
12.327453851699829,0.01824,0.00912,0.0
12.358654975891113,0.03191,0.00456,0.01824
12.387058734893799,0.04103,0.02279,0.00456
12.45466685295105,0.0,0.0,0.01368
12.47691798210144,0.0,0.00456,0.0
12.539187908172607,0.00912,0.02279,0.0
12.567797899246216,0.00456,0.0,0.0
12.60500192642212,0.02279,0.01824,0.00912
12.659512996673584,0.0,0.02279,0.01824
12.687859773635864,0.0,0.00912,0.01368
12.74699068069458,0.0,0.0,-0.00456
12.777858018875122,-0.00912,0.00912,0.00456
12.84168291091919,0.00912,0.0,0.02279
12.867026805877686,0.00456,0.03647,-0.00456
12.92967176437378,0.00456,-0.00456,0.00456
12.959817886352539,-0.00456,-0.00456,0.02279
13.016952991485596,0.01368,0.01368,-0.00912
13.047677755355835,0.04103,0.00456,-0.01368
13.11093282699585,0.00456,0.01824,0.0
13.145886898040771,0.01824,0.0,0.01368
13.197875738143921,0.00456,0.00912,0.02279
13.229734897613525,0.02279,0.00912,0.00456
13.262449741363525,0.00912,0.01368,-0.00912
13.31871485710144,0.01824,0.0,0.00912
13.37680983543396,-0.00456,0.00912,0.00456
13.413075923919678,0.01368,0.01368,0.00912
13.436930894851685,0.00456,0.0,0.01368
13.49686598777771,0.00456,0.00456,0.00912
13.533125877380371,0.00456,0.05015,0.00456
13.58789873123169,-0.00456,0.01368,0.00456
13.617065906524658,0.01824,0.0,0.0
13.677070617675781,0.01368,0.0,0.0
13.707916021347046,0.02279,0.00912,0.01824
13.768983840942383,0.01824,0.0,0.03191
13.79699182510376,0.0,0.02279,0.01368
13.886768817901611,0.00456,0.00456,0.0
13.888875961303711,0.00456,0.00456,0.0
13.91771388053894,0.0,0.02279,0.00456
13.977375984191895,0.00456,0.01368,0.03191
14.00688362121582,0.01824,0.00456,0.0
14.068342924118042,0.00456,0.01824,0.03647
14.096889734268188,-0.00912,-0.00912,0.02735
14.157503843307495,0.03191,0.01824,0.00912
14.190032720565796,0.0,0.00456,0.0
14.254781723022461,0.00912,0.0,0.0
14.276912689208984,0.0,0.00456,0.01824
14.33941388130188,-0.00456,0.00912,0.01368
14.372534990310669,0.02279,0.00912,0.0
14.427485942840576,0.00912,0.0,0.0
14.458741903305054,0.00912,0.0,0.01824
14.523477792739868,0.01368,0.01824,0.0
14.546830654144287,0.02735,0.0,0.0
14.57839584350586,0.00912,0.00456,0.00912
14.642598867416382,0.01824,0.01368,0.00456
14.66715693473816,0.0,0.01824,0.02279
14.728548765182495,0.0,0.00912,0.0
14.761672735214233,0.00456,0.0,0.01824
14.817924737930298,0.00912,0.01824,0.00456
14.847017765045166,0.00912,0.02279,0.01368
14.907931804656982,-0.01824,-0.00456,-0.00456
14.938304901123047,0.0,0.0,0.0
14.99701976776123,0.00456,0.01824,0.0
15.029181957244873,0.00456,0.00456,0.01824
15.087040901184082,0.02279,-0.00912,-0.00912
15.117041826248169,0.02279,0.00456,0.00912
15.179787874221802,0.0,0.02279,0.00456
15.20705771446228,-0.00912,-0.00912,-0.00456
15.237087965011597,0.0,0.0,0.00912
15.297918796539307,-0.12309,-0.13221,-0.12309
15.331795930862427,-0.13221,-0.14132,-0.15044
15.388088941574097,-0.09118,-0.09118,-0.09118
15.41706895828247,-0.02279,-0.01368,-0.00456
15.47895884513855,0.03647,0.00456,0.03191
15.507030963897705,0.0,-0.00912,0.00456
15.57021164894104,0.04559,-0.13221,-0.12765
15.596858739852905,-0.15956,-0.15044,-0.16412
15.657594680786133,-0.06838,-0.05471,-0.03647
15.68986177444458,-0.00912,-0.00456,0.0
15.75762677192688,0.01824,0.0,0.0
15.776948928833008,0.0,0.0,0.0
15.841721057891846,0.00456,0.02279,0.0
15.867020845413208,0.0,-0.00456,0.00456
15.89802885055542,0.01824,0.01368,-0.00456
15.962466955184937,0.00912,0.0,0.01824
15.986916780471802,0.0,0.00456,0.0
16.048313856124878,0.0,-0.00456,0.00456
16.081812858581543,0.00912,0.00912,0.0
16.136945724487305,0.00456,0.0,-0.00456
16.16785192489624,0.02279,0.02279,0.0
16.22716474533081,0.0,0.00912,0.01824
16.26748275756836,0.00912,0.0,0.00456
16.317949771881104,0.01824,-0.00456,-0.00456
16.387106895446777,0.0,0.00456,0.0
16.40704083442688,0.01368,-0.00456,0.00456
16.436944723129272,0.0,0.00456,0.02279
16.527384042739868,0.00456,0.00912,0.00456
16.52936887741089,0.00456,0.00912,0.00456
16.55777883529663,0.0,0.0,0.00912
16.617132902145386,-0.28265,-0.26897,-0.26441
16.646946907043457,-0.3875,4.11206,3.59235
16.70827078819275,-0.45132,-0.44676,-0.46044
16.73706889152527,-0.46956,-0.46956,-0.46956
16.798757791519165,-0.46044,-0.48779,-0.46956
16.829849004745483,-0.48779,-0.47868,-0.49235
16.891624927520752,-0.48324,-0.48324,-0.47868
16.91739797592163,2.72162,4.13029,1.75971
16.97723698616028,-0.12309,-0.12765,-0.13221
17.008620977401733,-0.01368,-0.03191,-0.03647
17.075976848602295,0.0,0.00456,0.0
17.09792399406433,-0.01368,0.00456,0.02279
17.1580069065094,0.00912,0.01824,0.0
17.19204878807068,0.0,0.02279,0.00456
17.218348026275635,0.01824,0.00456,0.00912
17.278174877166748,0.0,0.02279,0.00456
17.307933807373047,0.01368,0.05471,0.00456
17.37574863433838,0.00912,0.00456,0.02279
17.398172855377197,0.00456,0.01368,-0.00456
17.487818956375122,0.00912,-0.00456,0.00456
17.49920392036438,0.00456,0.00456,-0.00456
17.582281827926636,0.00912,0.00912,0.02279
17.583094835281372,0.00456,0.01368,0.00912
17.63799786567688,-0.00456,0.01824,0.00456
17.667030811309814,0.00456,0.02279,0.00456
17.727093935012817,0.01824,0.01368,0.00912
17.7585928440094,0.00456,-0.00456,0.0
17.817096948623657,0.00456,0.0,0.0
17.847986936569214,0.01824,0.02279,0.01824
17.87720274925232,0.01824,0.00456,0.01824
17.93796682357788,0.00912,0.00912,0.00456
17.97470474243164,0.01824,0.00456,0.00912
18.028377056121826,0.0,0.02279,0.00912
18.0569908618927,0.03647,-0.00456,0.01824
18.116904735565186,0.00912,0.00912,0.02279
18.151448011398315,0.01824,0.0,0.0
18.20706295967102,0.00456,0.00912,-0.01368
18.236939907073975,0.01368,0.00912,-0.00456
18.300001859664917,0.01368,0.00456,0.0
18.327982664108276,0.0,0.0,0.01824
18.418131828308105,0.0,0.00912,0.02279
18.4200119972229,0.01368,0.01368,0.02735
18.4771146774292,0.00456,0.00456,0.00912
18.507940769195557,-0.00912,0.00456,-0.00456
18.54001474380493,0.01824,0.0,0.0
18.63672685623169,0.00456,0.00912,0.02279
18.637856006622314,0.0,0.00912,0.01824
18.688364028930664,0.0,0.02279,0.0
18.7170889377594,0.00912,0.00912,0.00912
18.780548810958862,-0.00456,0.02279,0.01824
18.80712389945984,0.00456,0.0,0.00456
18.87055993080139,0.01824,0.00456,0.0
18.89691686630249,0.00456,0.04559,0.01824
18.967485904693604,0.00456,0.03647,0.0
18.988812923431396,0.0,0.0,0.02279
19.04839277267456,-0.00456,-0.00456,0.0
19.07964587211609,-0.02279,0.00912,-0.00456
19.137744665145874,0.01368,0.0,0.00456
19.1670138835907,0.00912,0.02279,0.0
19.197043895721436,-0.00456,0.00456,-0.00456
19.288071870803833,0.0,0.0,0.00912
19.306073665618896,0.00912,0.02279,0.00912
19.349588871002197,0.00912,0.02279,0.0
19.379332780838013,0.01368,0.00912,0.02279
19.44258975982666,0.00456,-0.00456,0.0
19.46696376800537,0.03647,-0.00456,0.0
19.528027772903442,-0.00456,0.00456,-0.00456
19.559472799301147,0.01368,0.02279,0.00456
19.62626576423645,0.00912,0.00912,0.02279
19.679847717285156,0.01824,0.00456,0.00456
19.70710277557373,0.00456,0.00456,0.01824
19.74349880218506,0.0,-0.00456,-0.00456
19.796977758407593,0.00912,-0.00456,0.00912
19.827054738998413,-0.00456,0.00912,0.01824
19.860198736190796,-0.00456,0.03191,0.0
19.925968885421753,0.0,0.01824,0.0
19.94812273979187,-0.00456,0.01368,0.00456
20.00804591178894,0.00456,0.00912,0.02279
20.042447805404663,0.00456,0.0,0.00456
20.097890853881836,0.01824,0.0,0.00456
20.127067804336548,0.00912,0.00912,0.02279
20.187659978866577,0.0,0.02279,0.00456
20.22261881828308,0.0,0.00912,0.00912
20.27950096130371,0.0,0.01368,0.04103
20.30698800086975,0.00456,-0.00456,-0.00456
20.37085485458374,0.02279,0.01824,0.01824
20.396962881088257,0.00912,0.00456,0.02279
20.458006858825684,0.01824,-0.00456,0.01824
20.487343788146973,0.00456,0.00456,0.0
20.519879817962646,0.00456,0.01368,0.00912
20.5783429145813,0.02279,0.0,0.0
20.607157945632935,0.02279,0.02279,0.04103
20.671396732330322,0.00912,0.00456,0.0
20.73385190963745,0.0,0.01824,0.01824
20.76588797569275,0.0,0.00456,0.00456
20.787168979644775,-0.00456,0.02279,0.0
20.87817072868347,0.00912,0.0,0.03647
20.87881088256836,0.00456,0.00912,0.0
20.937203884124756,0.00912,0.0,0.00456
20.968152046203613,0.0,-0.02279,0.0
21.032729625701904,-0.00456,-0.00456,0.0
21.064697742462158,0.00456,0.02279,0.0
21.120551824569702,1.26735,0.16868,0.59721
21.149932861328125,0.18235,0.67015,0.91176
21.18001389503479,-0.11853,-0.12309,-0.12765
21.237515926361084,-0.01368,-0.00912,-0.00912
21.269619941711426,-0.00456,-0.00456,-0.00456
21.326961755752563,0.0,0.00456,0.01368
21.3571138381958,0.02279,0.00912,0.01824
21.422623872756958,0.0,0.00456,0.00912
21.45760989189148,0.0,0.0,0.0
21.54194664955139,0.06838,0.19147,0.06382
21.5427668094635,0.05471,0.05471,0.13221
21.597994804382324,0.00456,0.04103,0.08206
21.62731385231018,-0.00456,0.0,-0.00912
21.687803745269775,0.04559,0.03191,0.02279
21.727932929992676,0.0,-1.59559,0.0
21.782025814056396,-0.00912,0.0,-0.03191
21.807113885879517,-0.16868,-0.8525,0.04559
21.842573881149292,0.01824,0.02279,-1.02574
21.89697289466858,-1.70956,0.01368,0.01824
21.930057764053345,0.0,0.01368,-0.76132
21.987329959869385,0.04103,-0.00456,0.01824
22.017217874526978,0.465,0.04559,0.30088
22.080652952194214,0.39662,0.26441,0.04103
22.107151746749878,0.03647,0.10941,1.56368
22.197855949401855,0.00912,0.01368,0.13221
22.19926881790161,-0.19147,-0.78868,-0.00912
22.263125896453857,0.50147,0.03647,0.04559
22.28732681274414,0.05015,0.27809,1.03941
22.347638845443726,-0.00912,-1.44971,0.0
22.37998366355896,-0.00456,-0.31912,-0.2325
22.44726586341858,-1.22632,0.0,0.00456
22.467697858810425,-1.23544,0.0,0.0
22.49794888496399,-0.60632,-0.01368,-0.00456
22.56384778022766,-0.00456,-0.00456,-0.32368
22.587944746017456,-0.01824,-0.00456,-0.53338
22.647409915924072,-0.04103,0.05471,-0.00456
22.680210828781128,0.12309,-0.00456,0.00456
22.747033834457397,-0.30544,-0.19147,0.0
22.767321825027466,-0.31912,-0.00456,-0.19147
22.8295738697052,0.06382,0.01824,0.0
22.86414885520935,-0.00456,-0.00456,-1.09868
22.919129848480225,0.0,-0.70662,-0.26897
22.948139905929565,0.00912,0.0,-1.15794
23.008031845092773,0.0,0.00456,-0.29176
23.037126779556274,0.0,-0.00912,-1.77338
23.096983909606934,-0.72029,0.0,0.0
23.129571676254272,-0.00456,-0.00456,-0.72029
23.1599018573761,-0.77956,0.00456,0.01824
23.218019723892212,0.0,0.06382,0.02279
23.24922800064087,0.03191,0.88897,0.04103
23.30799674987793,0.84794,0.02279,0.02279
23.34740972518921,0.03191,0.49235,0.18235
23.39710783958435,0.03191,0.02279,0.67926
23.429386854171753,0.05471,0.23706,1.03941
23.529866933822632,-0.00456,-0.00912,-1.50441
23.530922889709473,-0.00456,-0.00912,-1.50441
23.581328868865967,0.03191,0.02735,0.92088
23.608742713928223,0.0,0.02279,0.05926
23.66800570487976,-0.10941,0.0,-0.41941
23.69707989692688,-1.55,-0.00456,-0.00912
23.766957998275757,0.0,-0.69294,0.01824
23.787994861602783,-0.87529,0.0,0.0
23.817229986190796,0.0,0.00456,0.00456
23.88349676132202,0.00912,-0.00456,-0.00912
23.90719199180603,0.83882,0.05015,0.04103
23.996872901916504,0.36015,0.20515,0.04103
23.99914789199829,0.36015,0.20515,0.04103
24.06632375717163,0.02279,0.11853,0.53794
24.089293003082275,0.05015,0.35559,0.29176
24.150012731552124,0.04103,0.05926,0.98926
24.186555862426758,0.02735,-0.00912,-0.27809
24.238961696624756,0.0775,0.0,0.00456
24.267194747924805,0.30544,0.96647,0.03191
24.33254075050354,0.00456,-0.02279,0.0
24.356980800628662,-0.00912,-0.00912,0.11397
24.41916799545288,-0.00456,-0.33279,-0.29632
24.45011878013611,-0.00456,-0.02735,-0.00456
24.482897758483887,-0.46044,0.01368,-0.24618
24.53708004951477,0.00912,-0.32368,-0.12309
24.567342042922974,0.54706,0.04103,0.05015
24.632957935333252,-1.07132,0.0,0.0
24.657516956329346,-0.34647,-0.20971,0.0
24.71920371055603,0.0,0.00456,-0.02735
24.750834941864014,-0.00456,-0.25074,-0.32368
24.808103799819946,-0.00456,-0.00456,-0.00456
24.83700680732727,0.06382,0.00912,0.00912
24.93364977836609,0.09118,1.04397,0.04103
24.93449592590332,1.21265,0.04559,0.06382
24.988659858703613,0.04559,0.80235,0.05471
25.017153024673462,0.35559,0.01368,0.21882
25.077208995819092,0.02279,0.0,0.00456
25.10799789428711,-0.02279,0.0,-0.22794
25.137436866760254,0.18691,0.53794,0.03191
25.197982788085938,0.0,0.11853,0.0
25.236461877822876,0.11853,-0.00912,0.0
25.291069746017456,-0.00456,-0.10941,0.05015
25.355082988739014,-0.00456,0.01368,0.0
25.37795090675354,-1.54544,0.0,0.00912
25.407097816467285,-0.01368,-1.37221,0.0
25.472348928451538,0.01368,-1.15794,-0.00456
25.49715280532837,-0.24162,-0.33735,0.00456
25.566282987594604,-0.01368,-0.10941,-0.56985
25.587318897247314,-0.00456,-0.74309,-0.00456
25.649295806884766,-0.00456,-0.00456,-0.79324
25.683111906051636,-0.03191,0.0,-0.88897
25.73802900314331,-0.61088,0.00912,0.0
25.767523765563965,0.0,-1.01662,-0.00456
25.797979831695557,-0.83427,0.0,0.01368
25.865530729293823,-1.32662,-0.01368,-0.00456
25.887850999832153,0.0,0.0,-0.98471
25.947077751159668,-0.01824,-0.96647,0.00912
25.981400966644287,-0.49691,-0.00456,-0.02735
26.046127796173096,-0.01368,-0.66103,-0.00912
26.067165851593018,-0.97559,-0.00456,-0.00456
26.127193689346313,-1.1625,0.01824,0.01368
26.16081976890564,-0.00456,0.0,-1.16706
26.21995997428894,0.02279,0.00456,0.0
26.257740020751953,0.06838,0.00912,0.0
26.308045864105225,0.01824,0.0,0.01368
26.340792894363403,-0.00456,-0.55618,0.01368
26.39811682701111,0.00912,0.22338,1.33118
26.427034854888916,-0.00912,-0.00456,-0.00456
26.4571750164032,0.0,-0.97103,0.0
26.517174005508423,-0.92544,0.00456,0.00456
26.54826784133911,-0.5425,0.0,-0.02279
26.607105016708374,0.0,0.04559,0.00456
26.639567852020264,-1.24,0.01368,-0.00456
26.697954893112183,0.04559,0.72941,0.05015
26.7271249294281,0.04103,0.00456,0.0
26.789333820343018,-0.66103,-0.28721,0.01824
26.818025827407837,0.05471,0.04103,0.46044
26.877309799194336,0.48324,0.03647,0.03191
26.907123804092407,-0.00456,-0.21426,-0.2325
26.969835996627808,1.02574,0.04103,0.03191
26.99692678451538,0.0,-0.02735,-0.74765
27.062723875045776,0.0,-0.04559,-0.02735
27.094276666641235,0.03191,-0.10029,-0.56985
27.11714506149292,0.0,0.0,-0.97559
27.177140951156616,0.00912,0.0,0.02279
27.207100868225098,-0.00456,0.00456,-0.56074
27.274333953857422,0.0,0.00912,0.00912
27.296983003616333,0.13221,1.1625,0.05015
27.35976791381836,0.01824,0.05471,0.06382
27.391541957855225,0.05926,0.04559,1.45426
27.447638988494873,-0.28265,0.0,-0.18235
27.48072075843811,-0.95735,-0.00456,-0.00456
27.541573762893677,-0.97103,0.0,0.0
27.576851844787598,-1.07588,-0.00912,0.0
27.62803602218628,0.00456,0.00456,0.00456
27.659738779067993,-0.10485,0.0,-0.17779
27.720390796661377,0.05015,0.05471,0.73397
27.749936819076538,0.01824,0.00912,0.0
27.77937078475952,0.00456,-0.00456,-1.60015
27.8681378364563,-0.62,0.00912,0.00456
27.869221687316895,0.93456,0.04103,0.04103
27.928030967712402,0.05926,0.48324,0.65191
27.96483302116394,0.0,-0.04559,-0.00456
28.018033742904663,0.12309,1.03941,0.04103
28.04821276664734,-0.01824,-0.00912,-1.34485
28.108238697052002,-0.01824,0.0,0.01368
28.137009859085083,1.48162,0.05471,0.04559
28.201812982559204,0.63824,0.04103,0.04559
28.22697687149048,0.05471,0.92544,0.04559
28.28826379776001,-0.00456,-0.00456,-0.01824
28.317986965179443,1.25368,0.04103,0.04559
28.378567934036255,-0.12765,-0.24162,-0.00912
28.41036581993103,0.05471,0.5425,0.2325
28.43912982940674,0.00912,0.0,-0.30544
28.498384714126587,0.24162,0.40574,-0.00456
28.527047872543335,-0.155,-0.01824,0.00456
28.59658169746399,-0.25985,-0.17779,-0.00456
28.617271900177002,0.29176,1.38132,0.04559
28.682065725326538,0.41029,0.04103,0.19147
28.707626819610596,0.59265,0.05015,0.03191
28.768101692199707,0.24618,0.46956,0.03191
28.802913904190063,-0.00912,-0.02279,-0.22338
28.858052015304565,-0.00456,0.02279,-1.4725
28.888157844543457,0.05471,0.04103,0.96647
28.947624921798706,0.0,-0.00456,0.00912
28.97842574119568,-0.04559,0.10029,0.0
29.037111043930054,-0.00456,-0.10029,-0.04103
29.076323747634888,0.01368,0.02279,0.0
29.097782850265503,-0.03191,-0.00912,-0.20515
29.15703582763672,0.02279,0.0,-0.00912
29.217922925949097,-0.14132,-0.00912,-0.00912
29.247215747833252,0.00456,0.02279,0.06838
29.282588720321655,0.53338,0.01368,-0.45588
29.338031768798828,1.00294,0.05471,0.01824
29.36715793609619,0.00912,-0.00456,0.00456
29.42803978919983,0.01824,-0.00456,0.01368
29.457095861434937,0.0,0.0,-1.30838
29.52592372894287,0.08206,-0.00456,0.00912
29.54877281188965,0.04103,0.03191,0.98471
29.61243486404419,0.24162,0.49235,0.03191
29.637865781784058,0.01368,0.04559,1.46794
29.699501991271973,0.0,-0.00912,0.01824
29.735878705978394,0.03647,0.41941,0.24162
29.757283687591553,1.14426,0.03191,0.01824
29.821769952774048,0.39662,1.20809,0.05926
29.847019910812378,0.03191,0.03647,1.15338
29.90816879272461,0.00456,0.00912,0.04559
29.943453788757324,0.04559,1.50897,0.04103
29.99802279472351,0.01824,0.36926,0.10941
30.028528690338135,1.65029,0.05926,0.04559
30.088084936141968,0.0775,-0.05471,-0.31456
30.11803388595581,0.84794,0.05015,0.04103
30.176989793777466,-0.00456,0.11853,-0.00456
30.21321177482605,-0.19603,-0.02735,-0.05015
30.267843008041382,0.02279,0.03191,0.46956
30.2970027923584,-1.16706,0.0,-0.00456
30.357247829437256,-1.51353,0.00912,0.00456
30.388020992279053,-0.00456,0.00456,0.0
30.41909694671631,-0.03191,0.00912,0.00912
30.477452993392944,0.34191,1.17162,0.04559
30.508060932159424,0.04559,0.84338,0.12765
30.569856882095337,0.04559,0.94368,0.04103
30.598034858703613,0.00456,0.02279,0.0
30.657121896743774,0.01368,-0.00456,-0.00456
30.687168836593628,-0.31,-0.18235,0.0
30.75648307800293,0.0,0.0,-1.20353
30.77701687812805,0.0,0.00912,-0.93
30.840624809265137,-0.00912,-0.00912,0.01368
30.873771905899048,0.03191,0.00456,0.00912
30.9271719455719,0.03191,0.01824,1.44059
30.958908796310425,-0.00456,1.14426,0.03647
31.025068998336792,0.02279,0.90721,0.04559
31.04682493209839,0.0,-0.00912,0.00912
31.07707166671753,1.34029,0.04103,0.04103
31.146418809890747,-1.58191,-0.00456,-0.00456
31.167130708694458,-0.41941,-0.19147,0.0
31.230572938919067,-0.98471,-0.01368,-0.01368
31.266037940979004,-0.09118,-0.51971,0.00456
31.317644834518433,0.00456,0.04103,0.00456
31.385872840881348,-0.00456,0.0,0.02735
31.407108783721924,-0.02735,-0.72941,0.00912
31.437054872512817,0.0,-0.18691,-0.39662
31.497813940048218,0.00912,0.0,0.04103
31.527100801467896,0.00456,0.00456,0.30544
31.5911648273468,0.0,-1.02574,0.00912
31.647620677947998,0.00456,0.04559,0.89809
31.67772102355957,0.0,0.00456,-1.44515
31.70701003074646,0.04559,1.09868,0.04103
31.745163917541504,0.04103,0.05015,1.31294
31.800445795059204,0.01824,0.0,0.02279
31.828046798706055,0.01368,0.03647,1.56368
31.888206720352173,0.29176,0.44676,0.04103
31.9180588722229,0.0,-0.22338,0.0
31.98146891593933,0.51971,0.11853,0.05471
32.007136821746826,0.0,0.0,-0.27809
32.06809997558594,-0.16868,-0.00912,-0.00456
32.09950089454651,-0.02279,-0.00456,-0.10029
32.18857383728027,-0.90265,0.00456,0.0
32.18936586380005,-0.90265,0.00456,0.0
32.25061774253845,0.0,0.0,0.00456
32.284140825271606,-0.00456,-0.00456,-1.42235
32.33803176879883,0.00456,-0.90265,0.0
32.367573976516724,0.0,-0.00456,0.06382
32.40071392059326,-0.00456,0.0,-1.08044
32.45804286003113,0.00456,0.0,-0.36471
32.488510847091675,0.00912,-0.02279,0.00912
32.551750898361206,0.0,0.0,0.04103
32.5856146812439,0.04103,0.01824,0.0
32.6380410194397,0.56529,0.05471,0.03647
32.66910195350647,0.0,0.0,0.00912
32.72719192504883,0.01824,0.49691,0.04103
32.7576539516449,0.0,0.87529,0.04103
32.817142963409424,-0.36926,-0.08206,-0.00912
32.85016179084778,0.69294,0.00912,0.03647
32.90707302093506,-1.39956,0.0,0.00912
32.93703603744507,0.0,0.0,-0.3875
32.99981474876404,0.0,0.0,-0.40574
33.027217864990234,-0.00456,-0.00456,0.02279
33.05817890167236,0.03191,0.05471,0.33735
33.150532722473145,1.16706,0.05015,0.11397
33.151792764663696,0.05926,0.04559,0.66559
33.20810270309448,-0.17779,0.0,0.0
33.23717784881592,0.0,-1.05765,0.0
33.30619168281555,-0.74765,0.00456,0.0
33.327067852020264,-0.69294,0.00456,0.0
33.388995885849,0.0,-0.00456,-1.57279
33.417186975479126,-0.02279,0.00456,0.01824
33.47724890708923,0.04559,0.61088,0.04103
33.50880789756775,0.02279,0.00456,-0.02735
33.57838201522827,0.75221,0.03191,0.02279
33.597041845321655,1.29926,0.04559,0.04103
33.66311073303223,-0.00912,0.00912,-0.05015
33.687827825546265,0.0,0.0,-0.51515
33.7209746837616,-0.23706,-0.36471,0.02279
33.782914876937866,-0.45132,-0.00456,-0.05015
33.80789089202881,0.00912,-0.55162,0.0
33.867027759552,-1.33574,0.00456,0.00912
33.897387981414795,-0.30544,-0.18235,0.0
33.95705795288086,0.0,-0.00456,0.05471
33.99553298950195,0.84794,0.02279,0.04559
34.07791590690613,0.00456,-0.05015,0.05926
34.0801887512207,0.04103,0.04559,1.41323
34.138303995132446,-0.00456,-0.12765,-0.00456
34.167200803756714,-0.73397,-0.00456,0.0
34.229493856430054,0.0,0.00912,0.02279
34.297982931137085,0.0,-0.12765,-0.48779
34.3201379776001,0.01824,0.01368,0.0
34.34790086746216,0.0,0.01368,0.0
34.381197929382324,0.02279,0.00456,-1.15794
34.43854475021362,-0.10029,0.10941,0.05015
34.46701097488403,0.04559,0.03191,1.03029
34.53215575218201,-0.00456,0.01824,-0.00456
34.557241678237915,0.0,-0.02735,0.03647
34.618855714797974,0.0,-0.00456,0.0
34.64673566818237,0.0,0.03647,0.00912
34.71681189537048,0.67926,0.02735,0.03647
34.73729681968689,0.0,0.0,0.03647
34.80001783370972,0.00912,-0.13677,0.04559
34.83302092552185,0.04559,0.13221,0.66103
34.88740396499634,0.02279,0.02279,0.92088
34.91827869415283,0.04103,1.02573,0.04559
34.9831109046936,0.05015,1.51353,0.04103
35.007575035095215,-0.00456,0.0,-1.30382
35.037379026412964,0.60632,0.04559,0.03647
35.10145568847656,0.04559,1.32206,0.00912
35.13428974151611,-1.4725,-0.00912,-0.00912
35.18752408027649,-0.00456,-0.45132,-0.49235
35.220300912857056,-0.00456,0.0,-0.74765
35.28474187850952,-0.6975,-0.00456,-0.02735
35.30810785293579,0.02279,-0.76588,0.01824
35.36809682846069,-0.00912,-1.34485,0.01368
35.39771795272827,-0.11397,-0.01824,0.0
35.458067893981934,-0.99838,-0.00456,-0.00456
35.49652075767517,-0.04103,0.0,-0.06382
35.54753303527832,0.03647,0.25985,0.54706
35.57709884643555,0.03191,0.04559,0.00456
35.637046813964844,0.02279,0.03647,0.63824
35.66803193092346,0.00456,-0.18235,-0.37382
35.69879984855652,1.33574,0.05471,0.05015
35.75809288024902,0.03647,0.00912,-0.02279
35.787229776382446,-0.08662,0.0,0.0
35.8517849445343,0.03191,0.01824,0.96191
35.88022184371948,0.0,0.02279,0.11853
35.937280893325806,0.04103,1.15794,0.03647
35.966986894607544,-0.00912,-0.38294,-0.01368
36.056994915008545,-0.00456,-0.36471,-0.01824
36.05830788612366,-0.00912,0.00912,0.15956
36.12075686454773,-0.01824,0.0,-0.00912
36.1467399597168,-0.98926,0.0,0.0
36.20808386802673,-0.33279,-0.21882,-0.00456
36.23911786079407,0.0,0.0,-0.28265
36.30581188201904,0.08206,1.27191,0.02279
36.32840180397034,0.36015,0.56073,0.04103
36.35856580734253,0.00912,0.02279,-0.02279
36.42656588554382,1.4725,0.05015,0.05015
36.448139905929565,0.20059,0.47868,0.04103
36.51017475128174,0.03191,0.0,0.0
36.54580283164978,0.04559,0.04559,1.34485
36.597065925598145,0.90265,0.03647,0.03191
36.62928295135498,-0.00912,0.0,0.17779
36.68803787231445,-0.00456,-0.13221,0.01368
36.718151807785034,0.03191,1.51353,0.05926
36.778029918670654,0.0,0.0,-1.21265
36.81242895126343,0.04559,0.51971,-0.01824
36.897944927215576,0.00456,-1.67309,0.00912
36.90007495880127,-0.52426,-0.43765,-0.00912
36.96252107620239,-0.00456,-0.00912,-0.82971
36.98754286766052,-0.61088,-0.00456,-0.00456
37.019322872161865,-0.79324,0.0,0.0
37.07829976081848,0.0,0.0,-0.65191
37.111724853515625,0.04103,-0.16412,-0.03191
37.16802096366882,0.0,-1.37676,0.00912
37.1970489025116,0.0,0.0,-1.51809
37.260761737823486,0.0,0.0,-0.8525
37.28729176521301,0.02279,-0.56074,0.0
37.34695291519165,-0.00456,-0.01368,-1.49529
37.37830877304077,0.01368,-0.07294,-0.66103
37.443742752075195,-0.96647,0.0,-0.00456
37.46736478805542,0.0,0.0,-1.45882
37.52899765968323,-0.02279,-0.02735,0.01824
37.562352895736694,0.0,-1.22176,-0.00456
37.617374897003174,-0.01368,-0.18235,-0.44676
37.647220849990845,0.0,0.00456,0.02279
37.67699193954468,0.05471,0.00456,0.0
37.73717784881592,0.02279,0.03191,-0.00456
37.76774287223816,-0.01368,-0.68382,0.01368
37.831629037857056,0.01824,-0.07294,0.01824
37.86497974395752,0.04103,0.37382,0.33279
37.91808891296387,0.00912,0.00912,0.35559
37.949246883392334,-0.00456,-0.25074,-0.25074
38.01530170440674,0.01824,-0.78868,0.0
38.03760290145874,-0.01368,0.04103,0.0
38.09701085090637,0.02735,0.00456,-0.00456
38.13195180892944,0.0,0.00912,-0.43765
38.187251806259155,0.00456,0.05015,0.87074
38.2181339263916,1.03029,0.03647,0.03191
38.277973890304565,0.29632,0.29632,0.02279
38.31403064727783,0.0,0.00456,0.44676
38.33700180053711,0.02735,0.05015,1.25824
38.39809775352478,0.00912,0.05471,1.27647
38.429967641830444,0.06382,0.0,0.0
38.48814272880554,-0.00456,-0.27353,-0.01368
38.51959705352783,0.03647,0.13221,0.50147
38.57714486122131,0.04559,0.35559,0.02279
38.61249876022339,0.0,0.01368,1.23544
38.66720771789551,0.02279,-0.28721,0.0
38.69705271720886,0.09574,-0.00456,-0.00456
38.76158881187439,1.36309,0.03647,0.04103
38.78810167312622,-0.00912,-1.29015,-0.00912
38.84805703163147,0.04103,-0.01824,0.0
38.878044843673706,0.01824,-1.44515,0.0
38.944546937942505,-0.00912,-1.08044,-0.00912
38.96754288673401,-1.38588,0.01368,0.0
38.997063875198364,0.00456,-0.00912,0.05471
39.060513973236084,0.00456,-0.00456,-0.59265
39.08732891082764,1.4725,0.04103,0.03647
39.14777088165283,1.43603,0.03647,0.03191
39.17715096473694,0.04559,0.27353,0.37838
39.243183851242065,0.43309,0.03647,0.20971
39.26714086532593,0.56985,0.02279,0.12309
39.32872176170349,0.64279,0.00456,-0.13676
39.35955095291138,0.05015,0.68838,0.05926
39.41949987411499,0.0,-0.00456,0.08206
39.446807861328125,-0.14132,-0.23706,-0.10029
39.51164388656616,-0.24162,0.00912,0.0
39.545652866363525,-0.00456,0.03191,-0.00456
39.597057819366455,-1.58647,0.0,0.0
39.62961983680725,-0.06382,0.01824,-0.00456
39.66305088996887,0.0,-0.36926,-0.05926
39.71727991104126,-0.51059,-0.00456,-0.07294
39.74677777290344,-0.01368,0.01368,-0.0775
39.81287980079651,0.0,0.0,0.02279
39.846553802490234,0.0,-0.04103,-0.00456
39.89810085296631,0.03191,0.17779,0.48324
39.930558919906616,0.02279,0.05926,1.43603
39.988059759140015,0.04103,1.41323,0.04559
40.0298490524292,0.91176,0.03647,0.02735
40.07805776596069,0.82515,0.01824,0.03191
40.11189866065979,0.00456,0.00912,-0.0775
40.16724872589111,0.05471,0.28265,0.91632
40.19810485839844,0.04559,1.09412,0.05471
40.26147389411926,0.02735,0.65647,0.01824
40.31115698814392,0.01368,0.02279,-1.17618
40.319143772125244,0.39662,0.03191,0.26441
40.378044843673706,0.01824,-0.01824,0.0
40.41123080253601,0.03647,0.03191,0.74765
40.4680860042572,0.01368,0.01824,-0.00456
40.49724268913269,0.0,0.0,0.0
40.558987855911255,0.03191,0.97103,0.04103
40.587491035461426,0.02735,0.08662,-0.00912
40.64878273010254,-0.00456,0.01824,-0.51971
40.67835474014282,0.0,0.0,0.0
40.74153685569763,0.0,0.0,-0.06838
40.76738977432251,0.01824,0.00912,-0.36471
40.859370946884155,0.0,0.00456,-0.58353
40.860296964645386,0.0,0.00456,-0.58353
40.923537731170654,-0.00456,0.00456,-1.21721
40.94815993309021,0.04559,0.53338,0.05015
40.97830295562744,0.31,0.03191,0.02279
41.03917574882507,0.02279,0.00456,-0.00456
41.06711387634277,0.02279,0.00912,0.36015
41.127665758132935,0.0,-0.21882,-0.02279
41.18731379508972,-0.02279,0.0,0.0
41.221410036087036,-0.00456,-0.25074,-0.00912
41.25410580635071,0.01368,-0.00456,-0.00456
41.30756974220276,0.0,-0.42397,-0.62912
41.34145975112915,0.11853,0.00456,0.00912
41.407665729522705,0.05926,0.00456,-0.03191
41.429054975509644,-0.00456,0.01824,0.00912
41.48833203315735,0.51971,0.04559,0.14588
41.518539905548096,-0.00912,0.86162,0.03647
41.579503774642944,-0.02279,-0.15044,-0.32824
41.615102767944336,0.02279,0.09118,0.71574
41.638298749923706,0.0,0.11397,0.00912
41.69720697402954,0.01368,-0.00456,-1.1625
41.7272686958313,-0.03191,0.0,-0.01824
41.78728699684143,-0.00912,0.0,-0.51515
41.82546091079712,0.0,0.00912,-0.06838
41.88001990318298,0.0,-0.70206,0.0
41.90720295906067,0.0,0.05015,0.00456
41.97554874420166,1.14426,0.04103,0.21426
41.9971969127655,0.04103,0.85706,0.03191
42.059654712677,0.01824,-1.15794,0.00456
42.08724093437195,0.05471,0.04559,0.86162
42.14872479438782,1.29471,0.03647,0.05926
42.17914581298828,0.00456,0.03647,-0.00456
42.26702284812927,0.05471,1.1625,0.03647
42.279019832611084,0.01368,1.36765,0.02279
42.29748606681824,1.30382,0.03647,0.03647
42.359421730041504,0.03647,0.03191,1.25368
42.387274980545044,0.02735,-0.00456,-0.25074
42.44771981239319,0.0,-0.01368,0.0
42.48026490211487,0.01368,0.12765,0.00912
42.54160976409912,0.0,-0.04103,-0.00456
42.57476186752319,-0.90265,0.0,-0.02735
42.628827810287476,-0.00456,-0.00456,-0.57897
42.65886473655701,-0.00456,-0.00912,0.01824
42.748225927352905,0.00456,0.02279,0.03647
42.75885486602783,0.01824,0.95279,0.05015
42.80813980102539,0.01368,-0.00912,0.00912
42.84124994277954,-0.00456,0.00456,0.0
42.897127866744995,0.04103,0.04559,1.02574
42.92867970466614,0.05471,0.04559,1.44059
42.957890033721924,0.00456,-0.00456,0.04559
43.022931814193726,0.13676,0.52426,-0.00456
43.057822942733765,0.0,-0.00456,-0.00456
43.10812473297119,-1.24,-0.00456,-0.00456
43.14039587974548,0.30544,0.23706,0.04103
43.19819474220276,-0.00456,0.0,-1.21721
43.22746992111206,-0.18691,-0.48324,0.00912
43.287731885910034,0.0,-0.25529,-0.25529
43.31728196144104,-0.03647,0.00456,-0.00456
43.379865646362305,-0.00456,0.03647,0.00456
43.40705871582031,-1.22176,0.00456,0.0
43.46709990501404,0.0,0.00456,0.0
43.49701285362244,0.05926,0.00912,-0.00912
43.565839767456055,-0.55618,-0.00456,-0.00912
43.58814883232117,0.00456,0.0,-0.36471
43.619239807128906,-0.13677,0.05015,0.05926
43.682312965393066,0.0,0.01368,-0.01824
43.7071578502655,0.11397,0.77956,0.05015
43.797003984451294,0.3875,0.04559,0.04559
43.79930377006531,-0.19147,0.0,0.0
43.86580181121826,1.50441,0.03647,0.04103
43.88801097869873,0.04559,0.03647,1.14882
43.94962191581726,0.02735,0.05471,1.07588
43.982889890670776,-0.05015,0.0,0.01824
44.037479877471924,-0.01824,-0.09118,0.03191
44.0680570602417,1.03029,0.05471,0.04103
44.13308787345886,0.53338,0.05015,0.18691
44.15749764442444,-0.04559,0.05015,0.0
44.21728873252869,0.02279,0.02279,0.06838
44.25318479537964,-0.18691,-0.01824,-0.00456
44.278342723846436,-0.01824,0.0,0.10029
44.33754897117615,0.70662,0.0,-0.18235
44.37129282951355,0.0,0.00456,0.0
44.42724871635437,0.00456,-0.30544,-0.08662
44.457119941711426,0.0,-0.00456,-1.28103
44.51813197135925,0.0,0.0,0.0
44.5787308216095,-0.00456,-0.0775,0.03191
44.60724401473999,0.2325,1.16706,0.05926
44.63909387588501,-0.36471,-0.06382,0.01824
44.69719076156616,0.44221,0.03191,0.25529
44.7281608581543,0.01824,0.20515,0.35559
44.78913879394531,0.02279,-0.01368,0.01824
44.85737681388855,0.04103,0.05015,0.47868
44.878641843795776,0.05471,0.04103,1.50441
44.90717172622681,0.30088,0.03647,0.21426
44.94085693359375,0.02735,-0.00912,0.00912
44.9978187084198,0.04559,1.18985,0.05471
45.02732586860657,0.04559,1.42691,0.03191
45.09330892562866,0.03647,1.40412,0.00912
45.11735701560974,0.47412,0.02735,0.03191
45.17865967750549,0.03191,0.03191,0.89809
45.207180976867676,-0.08662,0.08206,0.0
45.268160820007324,-0.00912,0.01368,-0.00456
45.29990482330322,0.66103,0.01824,-0.00456
45.36520600318909,-0.02279,0.0,-0.26441
45.38749694824219,-0.00456,-0.00456,-1.39956
45.44918870925903,-1.07132,-0.00456,0.0
45.48485589027405,-0.00912,-0.72941,-0.00456
45.537115812301636,0.0,-0.04559,-0.00456
45.56979990005493,0.0,-1.41779,0.0
45.60387563705444,0.01824,-0.05471,0.01824
45.65868902206421,0.04559,1.25823,0.03647
45.689440965652466,-0.67471,0.0,0.0
45.7560670375824,0.01368,0.75221,0.03647
45.780452728271484,-0.01368,-0.11853,-0.35559
45.83816981315613,0.53794,0.0,-0.42853
45.897406816482544,-0.15956,-0.00456,-0.00456
45.927090883255005,0.00456,0.08662,-0.01368
45.96085596084595,0.03647,0.04103,1.53176
46.01924395561218,-0.00456,-0.46956,-0.72485
46.04829478263855,0.01368,-0.83882,0.0
46.11226487159729,0.0,0.0,0.0
46.138208866119385,-0.67471,-0.10029,-0.00456
46.19850182533264,-0.97559,-0.00456,0.0
46.22705578804016,0.00912,-0.02735,-0.01824
46.262985944747925,0.00456,-0.00456,-0.00456
46.321000814437866,0.00456,0.01368,0.02735
46.34916281700134,0.05471,0.03191,0.71118
46.414437770843506,1.50897,0.06382,0.03647
46.437222719192505,0.11853,0.02279,0.33735
46.49821591377258,0.04559,1.18985,0.02279
46.527087688446045,-0.15956,0.05471,0.00456
46.58734083175659,0.00456,0.10029,-0.00912
46.61829876899719,0.96647,0.04103,0.02279
46.681604862213135,-0.00912,-0.00456,-0.00456
46.71418285369873,-0.99838,-0.00456,0.0
46.7681667804718,0.0,-0.05471,-0.52426
46.79722595214844,-0.00456,0.0,0.01368
46.86288380622864,-1.1625,0.01368,-0.00456
46.89686965942383,0.0,-0.00456,-0.81147
46.94693875312805,-0.18235,0.0,0.0
46.98029685020447,0.01368,-0.49235,-0.00456
47.01287484169006,-0.83426,-0.00912,-0.00912
47.06771779060364,0.01824,0.04559,1.20809
47.09708380699158,0.01368,-0.00912,0.03647
47.162622928619385,0.50603,0.04103,0.19147
47.196751832962036,0.02735,0.03647,0.53338
47.2483229637146,0.0,-0.09118,-0.00912
47.2800030708313,0.05015,0.60176,0.04103
47.33718967437744,0.06382,0.03647,1.02574
47.367387771606445,-0.08206,-0.00912,-0.00912
47.42708396911621,1.395,0.02279,0.0
47.46392893791199,0.37382,0.37382,0.01368
47.51751494407654,-0.00912,0.04103,0.00456
47.550108909606934,-0.24618,0.0,0.00912
47.581894874572754,0.05926,0.03191,0.99838
47.63719987869263,-0.00912,0.0,-0.00912
47.66828680038452,0.95735,0.02735,0.03647
47.728168964385986,0.01824,-1.08044,-0.00456
47.76632905006409,0.00456,0.11397,-0.00456
47.82021188735962,0.00456,-0.00456,-0.00456
47.850122928619385,-0.72029,0.0,-0.02279
47.90987491607666,-1.16706,-0.00456,-0.00456
47.9372718334198,0.00456,-0.18691,-0.26441
47.99922776222229,-0.00912,0.01368,-0.00456
48.02713179588318,0.0,-0.00912,-0.63824
48.088868856430054,0.00456,0.01824,-0.02735
48.11900091171265,-1.39956,0.0,0.0
48.182657957077026,-0.06382,0.96191,0.04103
48.238024950027466,0.42397,0.03647,0.08662
48.24038076400757,0.42397,0.03647,0.08662
48.2992148399353,0.0,0.00912,0.02279
48.32708764076233,-0.05015,0.0,0.00456
48.38831305503845,-0.03647,0.0,-0.61088
48.41837787628174,0.03191,0.01824,0.74309
48.482099771499634,0.0,-0.18691,-0.60632
48.513434648513794,0.0,-0.82059,0.0
48.56826591491699,0.0,-1.32662,0.0
48.59893083572388,-0.94368,0.0,0.0
48.66517972946167,-0.00456,0.01824,0.0
48.687994718551636,0.01824,0.03191,1.27191
48.7478289604187,0.04559,0.72941,0.05015
48.78148674964905,0.02279,0.04559,1.38132
48.83833169937134,0.01824,-0.00456,0.0
48.86782884597778,0.00456,-1.50897,0.03191
48.8974289894104,0.72941,0.00912,0.04103
48.96385097503662,-1.15794,0.02279,0.0
48.98767304420471,-0.03647,0.0,0.01824
49.04694986343384,0.86162,0.05926,0.05471
49.080991983413696,0.04559,0.04103,1.49529
49.13735580444336,0.11853,0.0,0.00912
49.167513847351074,0.05926,-0.00456,-0.00456
49.22810482978821,-0.00456,-0.22338,-0.25074
49.26316475868225,0.0,0.00456,-0.26897
49.318352699279785,0.00456,-0.01824,-0.73853
49.3469398021698,1.21721,0.03647,0.04559
49.412479877471924,0.10485,0.62456,0.03191
49.43724989891052,0.0,-0.24618,0.0
49.49821591377258,0.04103,1.01206,0.03191
49.53034496307373,0.0,-1.29015,-0.01368
49.55860877037048,-0.73853,0.0,0.00456
49.622665882110596,0.01824,-1.68676,0.00456
49.65011978149414,-0.01368,0.01368,0.0
49.70759081840515,0.00912,-1.39956,0.00912
49.73723268508911,0.05471,0.8525,0.05926
49.80299377441406,0.10485,1.42235,0.03647
49.82708191871643,0.59721,0.05015,0.02735
49.88771986961365,0.02735,0.02279,1.39956
49.91814875602722,0.66103,0.05471,0.03647
49.98453688621521,-0.00456,-0.16412,-0.61088
50.007548809051514,-0.00456,-0.00456,-0.84338
50.09716081619263,-0.00456,-0.01824,-1.35853
50.098511695861816,-0.00456,-1.08956,-0.00456
50.16292667388916,-1.38588,-0.00456,0.00456
50.19639277458191,0.03191,0.0,0.03191
50.21725106239319,0.04103,0.02279,0.01368
50.27868890762329,0.01368,0.00456,0.00456
50.31094479560852,0.03647,0.05015,1.00294
50.368162870407104,-0.00456,-0.00912,-0.00912
50.39739680290222,-0.00912,-0.18691,-0.01824
50.459423780441284,0.01368,-0.00456,-0.00912
50.49271273612976,0.00912,0.0,-0.89809
50.55799388885498,0.72029,0.04103,0.03191
50.58064365386963,0.02735,0.70206,0.02735
50.63728189468384,-0.00456,0.01824,0.0
50.672537088394165,0.0,-0.24618,0.0
50.7271249294281,-0.00912,-0.00912,-1.38588
50.75760579109192,0.00912,0.00456,-0.00456
50.8201048374176,0.12765,0.5425,0.04559
50.84982967376709,0.04559,0.50147,0.05015
50.88292670249939,0.03647,0.0,-0.02279
50.93714666366577,0.0,-0.91632,0.01824
50.967209815979004,0.01824,0.00456,-0.00456
51.028120040893555,0.04559,0.11853,0.68838
51.0572829246521,0.01368,-0.00912,-0.00912
51.15349292755127,0.00912,0.00456,-0.05471
51.154829025268555,0.17779,0.70206,0.05471
51.208741664886475,0.03647,0.76588,0.04559
51.23726487159729,-0.00912,-0.00912,-0.12309
51.29945683479309,0.05471,0.66559,0.03191
51.32815670967102,-1.30382,-0.00456,-0.00456
51.388627767562866,-0.85706,0.00456,0.00456
51.41729283332825,-1.23088,0.0,0.00912
51.48342180252075,-0.00456,0.02735,0.01368
51.50731801986694,0.00912,-0.00456,-0.00912
51.53817176818848,0.05926,0.62912,0.05471
51.598490715026855,0.01368,0.01368,0.41485
51.62731075286865,-0.49691,-0.00456,-0.0775
51.687336921691895,-0.51059,-0.00456,-0.00912
51.718153953552246,-0.00456,-0.00456,0.0
51.78176689147949,0.00912,-0.20971,-0.42853
51.807294845581055,0.0,-0.00456,0.00456
51.86867666244507,0.04559,0.25074,1.06676
51.89970088005066,0.0,-0.01824,0.01824
51.96653890609741,0.04103,0.22338,0.42397
51.98737668991089,-0.00912,-0.16412,0.0
52.049158811569214,0.05471,1.55912,0.03191
52.082337856292725,0.04103,0.0,0.0
52.13726997375488,-0.00912,0.00912,-0.02279
52.20048379898071,-0.36926,0.00456,-0.00912
52.20143365859985,0.0,0.0,0.04103
52.264596939086914,0.04103,1.27191,0.04103
52.28731083869934,0.0,-0.00456,0.11397
52.34765577316284,0.00456,0.0,0.00456
52.380982875823975,0.00456,-1.21265,0.03191
52.44703197479248,0.96647,0.04103,0.04103
52.46738886833191,0.06382,1.13971,0.04103
52.5281708240509,-0.00456,-0.00912,-0.92088
52.563353061676025,-0.00456,0.08206,-0.00456
52.620686054229736,0.00456,0.04103,-0.00456
52.64836287498474,0.0,-0.03191,0.05471
52.707279682159424,0.59721,0.01824,0.01368
52.74453592300415,0.04559,0.20515,0.41941
52.79764986038208,0.40118,1.21721,0.03647
52.827279806137085,0.00456,-1.20809,0.0
52.86146879196167,-1.28103,0.01824,0.0
52.919224977493286,0.0,0.0,0.00456
52.94712591171265,0.0,0.0,0.00912
53.007128953933716,0.02735,1.1625,0.04559
53.04312181472778,0.02279,1.26735,0.03191
53.09846496582031,-0.02735,-0.00912,0.01368
53.127243995666504,-0.775,-0.00912,0.0
53.192115783691406,0.0,0.02279,0.0
53.24725389480591,0.82059,0.05926,0.05926
53.278480768203735,0.56529,0.03191,0.10941
53.307228803634644,0.00912,-0.47412,0.01824
53.375895977020264,0.00912,-1.22176,0.00456
53.39723062515259,-0.00456,-1.41779,0.0
53.49530482292175,0.05471,1.00294,0.04559
53.496272802352905,0.01824,0.04559,0.37838
53.51760983467102,0.03191,0.3875,0.29176
53.57834577560425,0.05471,0.24162,0.50603
53.60724401473999,-0.00456,0.0,0.00456
53.67758369445801,-0.01824,-0.11853,-0.90265
53.69810390472412,0.02279,1.21265,0.03647
53.761717796325684,-1.01206,0.0,0.00912
53.79490089416504,0.16412,0.62912,0.04103
53.847095012664795,0.01824,0.02279,-0.05471
53.87888789176941,-0.01368,0.05015,0.00456
53.94578504562378,0.03647,0.74309,0.03647
53.96752882003784,-0.08206,0.05926,-0.00912
54.02743172645569,-0.58353,0.0,0.00456
54.06398582458496,0.0,-0.83882,0.0
54.12114191055298,0.90265,0.04559,0.03191
54.150288820266724,0.04559,1.30838,0.03647
54.18317198753357,0.25985,1.18529,0.03647
54.2381796836853,-0.02279,0.0,0.00912
54.300312995910645,-0.00456,-0.00456,-0.11853
54.328189849853516,-0.40574,-0.19147,0.00456
54.35717988014221,0.01368,0.0,-1.15794
54.417749881744385,0.01368,-0.04559,0.05471
54.451992988586426,0.0,0.0,0.10485
54.50760078430176,0.01824,0.0,-0.04103
54.53732490539551,0.65191,0.03647,-0.10485
54.59719395637512,-0.00456,-0.00456,-0.97559
54.62715172767639,0.0,0.0,-0.56074
54.690857887268066,0.01368,0.0,-0.00456
54.720738887786865,0.04103,0.49235,0.02279
54.778366804122925,0.53338,0.04559,0.02735
54.809699058532715,0.05926,0.22338,0.46956
54.83728361129761,0.0,-0.99838,0.02279
54.89843678474426,-1.21265,0.0,0.00912
54.92723774909973,0.03191,0.0,0.0
54.99755001068115,0.47412,0.02735,0.25074
55.01821279525757,0.05015,0.05015,0.56073
55.081695795059204,1.18985,0.0,-0.35103
55.10709881782532,-0.00456,0.0,-0.65191
55.16835403442383,0.04559,0.01824,0.0
55.20120978355408,0.0,-0.46044,0.0
55.26717281341553,0.49235,0.02279,0.01824
55.28832197189331,0.05926,0.60632,0.34191
55.34697961807251,0.03191,0.50603,0.04559
55.3871967792511,0.05015,-0.00912,-0.00912
55.43711304664612,0.02279,0.0,0.0
55.47051692008972,0.0,0.0,-1.27191
55.50680375099182,0.0,-1.28103,0.00912
55.55833292007446,-0.00456,-0.02279,0.05471
55.59233784675598,0.00912,-0.00456,0.0
55.646949768066406,0.05015,0.03191,0.5425
55.67820477485657,0.04103,0.05926,1.47706
55.7385687828064,0.0,0.0,-1.22176
55.76719570159912,0.0,-0.62912,0.0
55.83220601081848,-0.21882,-0.31912,0.00912
55.85722374916077,0.01368,0.05471,0.71574
55.92230296134949,0.0,-0.21882,-0.155
55.94908881187439,0.96647,0.01368,-0.00912
56.00737190246582,-0.00456,-0.00456,0.01824
56.03847289085388,0.04559,0.03647,0.64279
56.103110790252686,-0.155,0.00456,0.0
56.1281898021698,0.11853,-0.01368,-0.04103
56.157177686691284,-0.01368,0.0,0.00456
56.21735382080078,0.0,-0.00456,-1.58191
56.24773383140564,0.0,-0.65647,0.01368
56.31434178352356,-1.45882,0.0,0.00456
56.33763074874878,0.0,-0.04559,0.06382
56.39856290817261,0.00456,0.0,0.03191
56.43477773666382,0.03647,0.29176,0.41029
56.487860918045044,-0.00456,-0.00456,-1.44515
56.51895594596863,0.04103,0.81147,0.04103
56.57831597328186,0.0,0.02279,0.0
56.607661962509155,0.00456,0.00456,-0.02279
56.6681547164917,0.02279,0.0,0.04559
56.70411992073059,0.02279,0.02279,-0.02279
56.75852179527283,0.02735,0.64735,0.05471
56.78758788108826,-0.00456,-0.00456,-1.15794
56.82383990287781,-0.02279,0.11853,-0.00456
56.87724995613098,-0.34191,-0.12309,0.0
56.90782380104065,0.0,-0.00456,-0.36471
56.96722674369812,0.03647,0.03647,1.27647
56.99821591377258,0.03647,-0.01824,-0.20515
57.06068992614746,-0.00912,-0.05471,-0.00456
57.088183879852295,-0.97103,0.0,0.0
57.14775800704956,0.01824,0.00456,-0.02279
57.17796969413757,0.00912,-0.05015,0.00456
57.26811385154724,-1.08956,0.00456,0.0
57.27027678489685,0.12309,1.08956,0.05471
57.3330717086792,0.03191,0.00456,0.0
57.36681890487671,0.05471,0.56074,0.01824
57.45178270339966,0.04103,0.28265,1.59103
57.45296573638916,0.04103,0.28265,1.59103
57.48032093048096,0.05471,0.01824,0.83882
57.539562940597534,0.04103,0.17779,1.51809
57.56748175621033,0.05926,0.04559,1.43147
57.6309118270874,0.0,0.01824,0.09118
57.66595196723938,0.0,-1.23544,-0.01368
57.72029685974121,-1.54088,-0.00456,-0.00456
57.750290870666504,0.0,0.01824,0.0
57.80822277069092,0.20059,1.39956,0.03647
57.83733773231506,0.04103,0.0,0.0
57.897273778915405,1.04397,0.03191,0.04103
57.93233394622803,0.01824,1.64574,0.04559
57.98738193511963,0.03647,0.26441,0.35103
58.0173659324646,-0.00456,-0.83427,-0.18235
58.10740876197815,0.0,0.0,0.0
58.10939288139343,-0.83882,0.00456,-0.00456
58.138205766677856,0.0,-1.30838,0.0
58.19818997383118,-0.01824,-1.02118,-0.00456
58.23089289665222,0.00456,-0.81147,0.00456
58.28850078582764,0.0,0.00912,0.02735
58.34908676147461,-0.26897,-0.29176,0.0
58.38196301460266,-0.25529,-0.08206,0.00912
58.40973997116089,0.64735,0.06838,0.05926
58.467854738235474,0.05926,0.04103,0.05926
58.49827575683594,-0.00912,0.01824,-0.19603
58.58780264854431,-0.02279,0.0,-0.57441
58.589489698410034,0.0,-0.93456,0.0
58.648767948150635,-0.00456,-0.02735,-0.00456
58.6817090511322,0.0,-1.04853,0.00456
58.74860382080078,0.04559,0.01824,-0.00912
58.76797890663147,0.00456,0.0,0.05015
58.79716086387634,0.01368,0.04103,0.98926
58.866100788116455,0.72029,-0.01368,-0.19603
58.887722969055176,0.35559,0.29632,0.04103
58.95018172264099,-0.02735,0.0,0.00912
58.98187780380249,0.00456,-0.59721,0.00912
59.03755474090576,-0.06838,-0.53794,0.00912
59.07499074935913,0.0,0.01824,-0.48324
59.12728691101074,0.04559,0.34647,0.51059
59.15785479545593,-0.00456,0.01824,-1.27647
59.218750953674316,-0.00456,-0.09118,-0.06838
59.25679302215576,-1.44059,0.0,0.00912
59.338730812072754,-0.00456,0.01824,0.0
59.339770793914795,-1.23088,0.0,0.0
59.398884773254395,-1.59559,0.02735,0.0
59.42749094963074,-0.00456,0.00456,-0.00456
59.45983672142029,-1.0075,0.0,0.00456
59.51953101158142,0.03191,0.94824,0.03191
59.54831290245056,0.02279,0.08206,0.60632
59.6081907749176,0.41941,0.0,-0.35103
59.645607709884644,0.01824,0.04103,0.45588
59.70017194747925,-0.09574,-0.25985,-0.02279
59.72824478149414,-0.02279,-0.00912,-0.00912
59.78895306587219,1.23544,0.04559,0.04103
59.820836782455444,1.43147,0.03191,0.03191
59.88454079627991,0.04103,1.57735,0.05015
59.90780472755432,0.60632,0.04103,0.02279
59.96957182884216,0.05926,-0.12765,-0.38294
60.00272297859192,0.04103,0.00456,0.00912
60.05793571472168,0.0,0.01824,-0.74309
60.08833408355713,-0.02279,0.00456,-1.35397
60.121177673339844,0.04559,0.04559,1.17618
60.17850589752197,-0.05471,0.02735,0.0
60.208624839782715,0.465,0.16868,0.04103
60.2733838558197,0.00456,-1.15794,0.00912
60.29788899421692,0.04559,0.80691,0.04103
60.3576397895813,0.00912,0.02279,-0.09118
60.3930127620697,0.31456,0.25985,0.02279
60.459046840667725,-0.00456,-1.46338,-0.00456
60.48055982589722,0.00912,-1.08044,0.00912
60.53823184967041,0.05015,0.04559,1.07588
60.56745171546936,0.04559,0.36015,0.48324
60.6282479763031,-0.01368,0.08206,-0.01368
60.66208100318909,0.04559,0.04103,0.96647
60.71755075454712,0.11853,-0.00912,-0.04103
60.747074842453,-0.25529,-0.25529,-0.00456
60.781479835510254,-0.49691,0.0,-0.04559
60.838300704956055,0.96647,0.04103,0.05471
60.86747074127197,0.72029,0.03647,0.04103
60.92732095718384,0.03647,0.0,0.03191
60.966635942459106,0.0,-0.32368,-0.31456
61.01840877532959,-0.02735,-1.1625,-0.00456
61.0469696521759,-0.47868,0.0,0.00912
61.10737085342407,0.04103,0.11853,0.57897
61.13724994659424,0.0,0.27809,0.20971
61.20172166824341,0.0,-0.00456,0.00456
61.2271728515625,-0.29176,0.0,0.0
61.29185199737549,-0.00456,-0.00456,-0.465
61.32676076889038,0.01824,-0.13677,-0.47412
61.37893772125244,-0.49691,-0.00456,-0.00912
61.41296362876892,1.36765,0.03647,0.04559
61.44029092788696,0.03647,0.00912,0.58353
61.49860882759094,0.81147,0.05926,0.04559
61.532986879348755,-0.12309,0.05926,0.0
61.58769202232361,0.0,0.0,-0.00456
61.61926603317261,0.86618,0.02735,0.04559
61.68574094772339,-1.04397,-0.00912,0.00912
61.71014595031738,0.0,-0.57441,0.0
61.767245054244995,0.01368,-0.00912,0.01368
61.801029682159424,0.0,0.10029,-0.00456
61.85827088356018,0.03647,0.31456,0.20971
61.8897500038147,0.02279,0.05926,0.25074
61.95016598701477,0.00912,-0.18691,-0.91632
61.97941279411316,0.00456,-1.395,0.0
62.04378795623779,0.0,-1.21265,0.0
62.09720277786255,0.0,-1.0075,0.0
62.09950280189514,-0.00456,-0.00456,0.03647
62.157341957092285,-0.00456,-0.06382,0.00456
62.196248054504395,0.0,-0.06838,0.04559
62.25137400627136,0.00912,-0.00456,-0.01368
62.27854895591736,0.0,-0.01368,-0.10029
62.340975761413574,0.0,0.0,-0.73397
62.37109184265137,-0.61088,0.00456,0.00456
62.43501377105713,-0.78412,0.00456,0.0
62.45721173286438,0.01824,-0.00456,-0.00912
62.51984190940857,0.00456,-0.31,-0.25074
62.553388833999634,-0.00912,0.04559,0.0
62.60805606842041,0.04559,0.24618,0.57897
62.63946986198425,-0.02279,0.00912,0.0
62.70562505722046,-0.00912,-0.00912,-0.01824
62.72827076911926,-0.25529,-0.87074,0.02279
62.75764989852905,-0.00912,-1.19441,-0.00456
62.82481098175049,-1.64574,0.00912,0.00456
62.84752893447876,0.0,0.0,0.0
62.94396901130676,0.02279,1.085,0.03647
62.94491171836853,0.02279,1.085,0.03647
62.998276710510254,0.00912,0.0775,-0.02279
63.0284469127655,0.04103,0.25074,0.42853
63.08891487121582,0.02279,0.0,-0.01824
63.12519383430481,0.22338,1.19897,0.05471
63.17870879173279,0.03647,0.04103,0.69294
63.209343910217285,0.04559,0.46044,0.04103
63.26830983161926,1.10324,0.04103,0.04103
63.29739594459534,-0.00912,-0.11853,0.05926
63.35763096809387,-0.60632,0.0,0.0
63.387462854385376,-0.22794,-0.42397,0.00456
63.4174268245697,-0.03191,-0.03191,-1.44059
63.48048686981201,1.52265,0.04103,0.02279
63.52018666267395,0.0,0.0,0.0
63.572837829589844,-1.19897,0.01368,-0.00456
63.59746289253235,-0.62,-0.3875,0.0
63.659099817276,0.01824,0.00912,-1.22632
63.6876118183136,0.26441,0.03647,0.18691
63.74846792221069,0.0,-0.02279,0.0
63.78282904624939,-0.00456,-0.02735,-0.01824
63.84767293930054,-0.36471,-0.78412,0.0
63.867236852645874,-0.86618,-0.00456,-0.00456
63.93278384208679,0.00456,0.0,0.02279
63.95742201805115,0.05926,0.87529,0.04559
64.01927590370178,0.0,0.0,0.01368
64.05327486991882,-0.00912,0.01368,-0.21426
64.08720088005066,-0.12309,-0.58353,0.04103
64.13808465003967,-1.395,0.01824,0.00912
64.17309999465942,0.60632,0.03647,0.02279
64.22745275497437,0.02735,-0.00456,0.00456
64.25784587860107,0.03191,-0.00456,-0.04103
64.31941390037537,0.0,-0.00456,-0.44221
64.3470447063446,-0.23706,-0.32368,-0.01824
64.40723299980164,0.04103,0.21882,0.48324
64.44354391098022,0.04559,0.04103,1.34029
64.49836492538452,0.05471,0.03647,1.13971
64.52746081352234,-0.01368,0.11853,-0.01368
64.59637880325317,-0.75676,-0.00456,0.01368
64.61956596374512,-1.27191,0.00912,-0.00456
64.6816177368164,0.0,0.00912,-0.65647
64.70966863632202,0.06838,0.05015,1.02118
64.73773097991943,0.05471,1.20353,0.04559
64.79914593696594,1.33118,0.05015,0.05926
64.82826900482178,-0.00912,0.0,0.06838
64.88809275627136,0.01824,-1.25824,-0.00456
64.91865587234497,-0.01824,-0.49691,-0.71574
64.98515295982361,-0.64279,0.0,0.02279
65.00747680664062,-0.00912,-0.00912,-1.22176
65.06949973106384,-0.00456,-1.21265,0.0
65.10328483581543,-1.00294,0.01368,-0.00456
65.15831398963928,0.05471,0.04103,1.20809
65.21823287010193,0.03191,0.04559,0.98015
65.2545838356018,0.04103,0.03191,1.68676
65.27766966819763,0.03647,0.10941,0.01824
65.33729195594788,-0.99382,-0.00456,-0.00456
65.37443685531616,0.0,-0.47412,-0.44676
65.39721179008484,-1.22176,0.01824,-0.02279
65.45921564102173,0.0,0.0,-1.30382
65.49536395072937,0.0,-0.00912,-0.01824
65.5502200126648,0.05015,0.53794,0.04559
65.58108687400818,0.00912,0.03647,0.05471
65.63830280303955,0.0,-0.00456,-0.00456
65.6676709651947,0.04559,0.02279,0.57897
65.7282497882843,-0.00456,-1.40412,0.00912
65.7574110031128,-0.00456,-0.00456,-0.52426
65.81784582138062,-0.00456,0.0,-0.84794
65.84840273857117,-0.00456,0.10029,0.01824
65.91299390792847,0.01824,-1.36309,0.0
65.93725085258484,0.05015,0.05926,1.05309
65.99721074104309,0.39206,1.36309,0.03191
66.03182482719421,1.22632,0.02279,0.0
66.05744791030884,0.0,-0.65191,0.0
66.11900162696838,0.01368,-0.00456,-0.2325
66.15017175674438,0.02279,1.05309,0.03191
66.21613788604736,0.04559,0.24162,1.51353
66.23809385299683,0.62456,0.05471,0.06382
66.30076575279236,0.04103,1.10779,0.03191
66.33469676971436,0.0,-0.00456,-0.8525
66.3883409500122,-1.24912,-0.00912,0.00456
66.42066097259521,-1.46794,0.0,0.00912
66.48446583747864,-0.00912,-0.01368,0.03191
66.50732588768005,0.0,0.01368,0.01368
66.5683069229126,0.56529,0.01824,0.05015
66.6033878326416,1.09412,0.04103,0.04559
66.65810775756836,-0.00456,-0.00456,-1.47706
66.68844890594482,-0.00456,-0.47868,0.00456
66.72022986412048,0.01824,0.0,0.00912
66.78545475006104,1.57279,0.00456,0.04559
66.84167695045471,0.0,0.04559,1.15338
66.86738991737366,0.04103,1.44971,0.04103
66.90530180931091,0.67015,0.04559,0.03647
66.95827388763428,-0.80235,-0.00456,-0.00456
66.9875738620758,0.32368,0.33279,0.01824
67.04823184013367,0.0,0.00912,-0.02279
67.08803868293762,0.04103,0.0,-0.01368
67.1390860080719,-0.00912,0.0,-0.00912
67.16737079620361,0.03647,0.04103,1.21265
67.2282726764679,1.03029,0.03191,0.04559
67.25737977027893,0.00456,0.00456,0.10485
67.3176896572113,0.0775,1.33574,0.04559
67.34835982322693,0.03647,0.37838,0.81147
67.3773250579834,-0.00456,-1.33574,-0.00456
67.43831706047058,-0.00456,-0.46956,0.00912
67.4672167301178,0.02279,0.02279,0.05015
67.53413987159729,0.56985,0.02279,0.04559
67.55724382400513,0.17324,1.58647,0.05015
67.62074685096741,-0.01368,-0.00456,-0.01824
67.65297675132751,0.00912,-0.08206,0.07294
67.70863103866577,-0.46044,-0.00912,-0.12309
67.73926377296448,0.0,-1.03485,0.00912
67.802325963974,0.03191,0.01824,1.34029
67.82847309112549,0.89809,0.01824,0.03647
67.88748288154602,0.00456,-0.00456,-0.70662
67.92553067207336,0.00912,0.03191,-0.00456
67.97736978530884,0.03647,1.27191,0.03647
68.0090799331665,-0.00456,-0.01368,0.04103
68.04495978355408,0.0,-0.21882,0.0
68.09728789329529,-1.16706,-0.00912,-0.00912
68.12958478927612,-0.00912,-0.00912,-1.51353
68.18824696540833,0.21882,0.03191,0.17324
68.23134589195251,0.41029,0.13221,0.0
68.27826404571533,0.01368,-0.00456,0.0
68.31475782394409,-0.22338,-0.00456,-0.01368
68.36966395378113,0.02279,0.0,-0.61088
68.3974220752716,-0.00912,0.0,-0.01368
68.45728993415833,0.01824,0.04559,0.02279
68.48826575279236,0.05471,0.03647,0.13676
68.55317401885986,0.31912,0.31912,0.04559
68.57721781730652,-0.00912,-0.26441,-0.02279
68.63844180107117,0.0,-0.00912,-1.39044
68.67112493515015,-0.48779,0.0,-0.07294
68.69830179214478,-0.00912,0.01368,0.01368
68.75736284255981,0.33735,0.2325,0.06382
68.78863286972046,0.05015,1.0075,0.01824
68.84723663330078,-0.00456,0.00456,-0.00456
68.880450963974,0.00456,-0.8525,0.00456
68.9430079460144,0.0,0.00912,-0.62912
68.96763062477112,0.01824,0.01368,0.00456
69.0284698009491,0.04559,0.04559,1.39044
69.0637218952179,-0.00912,-0.10941,-0.00456
69.1175217628479,0.00456,-0.00912,-0.49235
69.14785289764404,-0.36471,-0.02279,0.00456
69.2084059715271,-0.05471,0.00456,0.05926
69.23771691322327,0.35559,0.29632,0.0
69.29831290245056,-0.05015,-0.00912,0.0
69.33174705505371,-0.12309,0.05015,-0.00912
69.3676598072052,0.01368,-0.00456,-1.60471
69.41831183433533,0.05015,0.00456,0.67926
69.45186400413513,0.00456,0.0,-0.00456
69.50741386413574,0.02279,1.07132,0.00912
69.54045581817627,-0.00456,0.0,-0.69294
69.59798884391785,0.0,-0.97103,0.01824
69.62738180160522,0.0,0.92544,0.04103
69.69141983985901,0.06382,0.72485,0.06382
69.71831798553467,0.11397,0.00456,0.00456
69.77743792533875,0.0,0.00456,0.02279
69.8082549571991,-0.00456,-0.00912,-0.00912
69.86831092834473,0.05926,0.06382,1.085
69.89883184432983,0.0,-0.17779,-0.50603
69.96377897262573,0.02279,0.83882,-0.01824
69.98817682266235,0.01368,0.02279,-0.72941
70.01939177513123,0.00912,-1.21721,0.03647
70.08265900611877,0.01824,-0.15044,0.04103
70.10787677764893,1.33118,0.04559,0.04103
70.16761493682861,0.72941,0.46956,0.01368
70.2283079624176,-1.57735,-0.00456,0.0
70.25742387771606,-0.00456,-0.00456,-1.55912
70.28858375549316,0.00456,-0.80235,0.0
70.351726770401,-0.35559,-0.00912,0.00456
70.37740898132324,0.0,0.00456,0.0
70.43831181526184,0.03647,0.77956,0.04103
70.472660779953,0.04559,0.04103,0.91632
70.52739787101746,0.02735,0.00912,-0.51971
70.59100484848022,0.0,-0.00456,-0.52882
70.61830592155457,-0.73397,0.01368,0.01824
70.64709496498108,0.0775,0.01824,0.00912
70.67743992805481,-0.00912,-0.00912,-0.00912
70.73829483985901,0.03647,-0.00912,-0.05926
70.77669191360474,0.11397,0.52426,0.03647
70.82830095291138,0.01368,-0.00456,0.0
70.85971093177795,0.06838,0.05471,1.07588
70.91841983795166,0.0,0.01824,0.04559
70.95026183128357,0.04559,0.25985,0.34191
71.01314282417297,1.28103,0.04559,0.00912
71.03751277923584,1.20809,0.04103,0.04103
71.09810781478882,-0.07294,0.03191,0.33735
71.1282479763031,-0.01368,0.0,-0.465
71.18810796737671,0.0,0.02279,0.00912
71.22030782699585,0.02735,-0.01824,0.0
71.28480672836304,0.0,-0.20515,-0.26897
71.3076548576355,0.0,-0.02279,-0.00456
71.3382568359375,0.0,-1.6275,0.0
71.40508270263672,-0.01368,0.04559,0.03191
71.42753481864929,1.41779,0.03647,0.05015
71.48964500427246,0.72485,0.05015,0.04559
71.52353978157043,0.0,-1.15794,0.0
71.5773057937622,-0.00456,-0.01824,0.05926
71.60849285125732,0.0,0.0,-0.52882
71.67493867874146,0.26897,0.31,0.03647
71.6973729133606,0.0,0.00912,0.0
71.75731492042542,-0.00912,0.0,-1.52721
71.79358386993408,0.0,0.0,-0.96647
71.84788680076599,0.02279,1.18985,0.03647
71.8783278465271,0.47868,0.63824,0.03647
71.93836092948914,-0.00456,-0.00456,-1.55912
71.96745800971985,-0.8525,0.0,0.0
71.99776482582092,-1.02118,0.01824,0.02279
72.05836582183838,0.04103,0.03191,1.44059
72.11745476722717,0.0,-0.22794,0.0
72.14704084396362,0.00456,-1.19441,0.00456
72.1786699295044,-0.00456,0.0,0.0
72.23774981498718,-0.00456,0.02735,0.0
72.2672827243805,0.01824,0.0,0.00912
72.32873582839966,-0.10941,0.04559,0.06838
72.35742378234863,0.03191,0.98926,0.05015
72.41865682601929,-0.05926,-0.62,-0.01368
72.4479148387909,-0.52426,0.00912,-0.02279
72.51251673698425,-0.45588,0.0,-0.04559
72.53791379928589,0.10941,0.84794,0.05926
72.59874081611633,0.02735,0.05471,1.50441
72.6293318271637,0.02735,1.24,0.03647
72.65727376937866,0.0,0.0,0.12309
72.71902275085449,-0.05471,0.00912,-0.00456
72.7470338344574,-0.00456,0.00456,0.02735
72.81160283088684,0.00912,-0.36015,-0.12309
72.83883476257324,0.02279,0.03647,0.97103
72.89833903312683,0.05015,0.03191,0.87529
72.92969799041748,0.24162,0.03191,-0.40574
73.01859974861145,-0.10029,-0.00456,-0.00456
73.02056908607483,-0.10029,-0.00456,-0.00456
73.07898592948914,-0.00456,-0.00456,-0.71574
73.11304688453674,-0.00456,0.00456,-0.00456
73.16731786727905,0.04103,0.5425,0.04559
73.19798183441162,-0.00456,0.18691,0.62456
73.25742483139038,-1.15794,0.00912,-0.00456
73.2972400188446,0.0,0.0,-0.54706
73.31758689880371,0.00912,-0.48779,0.02279
73.38034892082214,0.00456,0.00456,-0.43765
73.41507506370544,0.01368,0.02279,1.58647
73.4673159122467,-0.00912,-0.00912,-0.00912
73.49830985069275,0.04103,1.15338,0.03647
73.55836486816406,0.00456,0.00912,0.0
73.58852291107178,0.0,0.03647,-0.00912
73.64816689491272,0.01824,0.0,0.0
73.67845606803894,0.02279,0.46956,0.14132
73.73911786079407,0.0,-0.02735,0.0
73.76745271682739,-0.09574,0.00456,0.01368
73.8274359703064,0.11397,1.25824,0.02735
73.85724902153015,0.53794,0.02279,0.03191
73.92515683174133,0.0,-0.00456,0.0
73.94805598258972,0.0,-1.15794,0.0
73.97747874259949,0.0,-1.07588,0.0
74.04104900360107,-0.00456,-0.00456,0.05471
74.0683319568634,0.57897,0.01824,0.05471
74.1283769607544,-0.00456,-0.00456,-0.09574
74.15724182128906,-0.83427,0.0,0.0
74.2247679233551,0.00456,0.00456,-0.8525
74.24706983566284,0.0,0.0,-0.02279
74.30926489830017,-0.00456,0.00456,-0.54706
74.34234166145325,0.56073,0.04559,0.04103
74.39886784553528,0.0,-1.32662,0.0
74.42751979827881,0.0,0.0,-0.50603
74.49241495132446,-0.00456,0.04559,0.03191
74.52776384353638,0.02279,0.41029,0.36471
74.57833886146545,0.0,-0.38294,-0.01368
74.6107439994812,-0.00912,-0.00912,0.11397
74.64235782623291,0.0,-0.15956,-0.46044
74.69771575927734,1.04853,0.02279,0.02279
74.72773885726929,0.0,-0.06838,-0.00456
74.7934730052948,0.0,-0.00912,0.05926
74.81769180297852,0.0,-0.29632,-0.14132
74.87739992141724,0.04559,0.02279,0.84794
74.91097283363342,0.04559,-0.98471,0.00912
74.96852397918701,-0.00912,0.01368,-0.00456
74.99749493598938,0.0,0.0,0.10941
75.05828595161438,-1.29015,0.01368,-0.00456
75.09276485443115,0.0,-1.28103,-0.00456
75.1482458114624,0.04103,0.02279,0.30544
75.1783390045166,0.03647,0.05926,0.0
75.26721572875977,0.0,0.0,-1.16706
75.26948666572571,0.02279,-1.34941,0.00912
75.30230784416199,0.0,-0.59721,-0.01368
75.35813784599304,-0.00912,-0.00456,-1.32206
75.38750100135803,0.94368,0.02279,0.03191
75.45134282112122,0.81603,0.03191,0.03647
75.47835993766785,0.0,0.00456,0.01368
75.5387818813324,-1.57279,-0.00912,0.00456
75.56744909286499,0.00456,0.00456,-0.01368
75.62833285331726,0.05471,0.04559,1.53632
75.65934371948242,0.05926,0.07294,0.97103
75.72328066825867,0.0,-0.05926,0.0
75.74787783622742,0.01824,0.0,-1.15794
75.80745792388916,-0.98926,0.00456,0.01824
75.84263801574707,-0.22338,-0.45132,-0.00456
75.89733386039734,0.73853,0.04559,0.03647
75.92742586135864,0.00456,0.03647,0.02279
75.96049094200134,-0.00456,-0.01368,-0.00456
76.02806496620178,-0.10029,-0.53794,0.01368
76.04772186279297,-0.00912,-1.40412,-0.01368
76.11146283149719,0.01368,0.04103,0.01824
76.14683794975281,0.03191,0.03647,1.24912
76.19836902618408,0.01824,0.01368,-0.00912
76.23049068450928,0.04559,0.01824,0.82971
76.31730198860168,0.0,0.00456,-0.50603
76.32026076316833,0.0,0.00456,-0.50603
76.37832188606262,0.01824,0.04559,0.00912
76.41683197021484,0.02279,0.58353,0.42397
76.46792578697205,1.51353,0.03191,0.04103
76.49733686447144,-0.01824,-0.01824,0.09118
76.55856204032898,-1.35397,0.0,0.0
76.58844995498657,-1.21265,0.0,0.0
76.61911964416504,0.00456,-0.46044,-0.18691
76.67833375930786,0.03191,0.01824,0.00456
76.70728898048401,0.89809,0.04103,0.02279
76.77107977867126,0.04559,0.04103,0.51515
76.79840183258057,-0.22338,-0.86618,-0.01368
76.85748505592346,0.0,-0.12765,-0.18235
76.88835096359253,-0.00912,0.0,0.04559
76.9471447467804,0.02279,0.01824,0.00912
76.97926378250122,0.22338,0.95279,0.04103
77.044508934021,0.29176,0.05471,0.17779
77.06760787963867,0.04103,-0.06382,-0.37382
77.12839484214783,-0.00456,0.11397,-0.00456
77.16408801078796,0.0,0.0,-0.50603
77.21944069862366,0.04103,0.03647,0.55162
77.24856805801392,-0.79779,0.0,-0.00456
77.2825357913971,0.12765,1.43603,0.04559
77.36735677719116,0.05471,1.22176,0.03191
77.37008571624756,0.53338,0.05015,0.0
77.43566584587097,0.0,-1.32206,0.0
77.45729565620422,0.00456,-0.38294,-0.68382
77.51750588417053,0.05015,0.10485,1.34941
77.55760884284973,0.02279,0.25074,0.29632
77.60834288597107,0.01824,0.0,0.0
77.64210486412048,-1.17618,-0.01368,0.02279
77.69840669631958,-0.01368,-0.41485,-0.2325
77.72750997543335,0.01824,0.0,0.01368
77.78831672668457,0.75221,0.05926,0.03191
77.81750082969666,0.05015,0.04559,0.53338
77.9073338508606,0.01368,0.0775,-0.00456
77.90886807441711,0.01368,0.0775,-0.00456
77.93749380111694,-0.11853,-0.72485,-0.00456
78.00160098075867,-0.13221,-0.44221,0.03647
78.02756786346436,0.23706,0.72485,0.05926
78.08925104141235,0.05015,0.73397,0.05015
78.12054181098938,0.00456,0.00912,-0.00456
78.17737293243408,-0.13221,-0.67471,0.0
78.20856070518494,0.05015,0.57441,0.03647
78.27400279045105,-0.03647,-0.79779,0.02279
78.29745674133301,0.00456,-0.00912,0.0
78.35838103294373,0.03191,0.54706,0.03647
78.41775894165039,0.04103,0.45132,0.36926
78.44836401939392,0.01368,0.0,0.02735
78.47728991508484,0.13221,0.03647,-0.36927
78.5673508644104,0.05015,0.02279,0.64279
78.57900381088257,0.05015,0.02279,0.64279
78.59766602516174,0.04559,0.04103,1.18074
78.65959692001343,0.0,-0.12765,0.00456
78.68805885314941,-0.00456,-0.00456,0.01824
78.74711799621582,0.01368,-0.00456,-1.19441
78.78269577026367,-1.01206,-0.00456,0.0
78.83837270736694,0.04103,0.18235,0.56073
78.86757493019104,0.53338,0.03647,0.05926
78.9274308681488,0.0,0.01824,0.0
78.95744776725769,-0.00456,-0.14132,-1.02574
79.02260398864746,-0.01368,0.02279,0.00912
79.0484528541565,0.05471,0.04103,1.26735
79.107492685318,1.40868,0.04103,0.0
79.1383159160614,0.0,0.03191,0.0
79.2055139541626,-0.97559,-0.01368,-0.01368
79.22794795036316,0.02735,-0.00912,-1.27191
79.25850176811218,-0.00912,-0.09574,0.02735
79.32449579238892,0.04559,1.56368,0.03647
79.35024690628052,0.01368,0.01368,0.02279
79.40808701515198,1.24456,0.02279,0.04559
79.47545886039734,-0.00456,-0.04559,0.04103
79.49811673164368,-0.01368,-0.00912,0.01368
79.53012585639954,-0.80235,-0.01824,-0.01824
79.59407186508179,0.04103,0.04103,1.13971
79.61827564239502,-0.00456,0.04103,-0.00456
79.67909693717957,-0.00912,-0.00912,-0.92088
79.71207690238953,0.0,-0.44676,-0.05926
79.76737475395203,0.04559,0.00912,1.35853
79.79730987548828,0.14588,0.04559,0.25074
79.8584258556366,-0.85706,0.0,0.00912
79.88771295547485,0.0,-0.02279,-0.81147
79.91755270957947,-0.60177,0.00456,0.01368
79.97993493080139,-0.00912,0.0,-1.08044
80.01443886756897,0.14588,0.92544,0.03647
80.0673520565033,0.04559,-0.31456,-0.46044
80.09939503669739,0.21426,0.45588,0.01824
80.18856906890869,0.03647,0.05471,0.76132
80.20026803016663,0.03647,0.05471,0.76132
80.25007200241089,0.05926,0.06382,0.95735
80.28400588035583,0.02735,1.04397,0.02735
80.33934187889099,-0.00912,-0.0775,-0.04103
80.36749196052551,-0.00456,-0.78412,0.0
80.42750477790833,0.00912,0.03191,-0.00912
80.45864176750183,0.05015,0.62,0.05926
80.52263283729553,0.68382,0.01368,0.03647
80.54853701591492,0.01368,-0.00456,-0.00456
80.57838988304138,-0.54706,-0.00912,-0.06838
80.64008975028992,0.0,0.01368,-1.59559
80.66735482215881,0.05471,0.03191,0.0
80.72838497161865,0.03191,0.03191,1.14426
80.75744295120239,-0.22338,0.01368,-0.01368
80.82641887664795,-0.49235,-0.09118,-0.00912
80.84744906425476,-0.80691,-0.00912,-0.03191
80.91114068031311,-0.00912,-1.55,-0.00912
80.94507884979248,0.03191,0.02279,0.76132
80.99892783164978,-0.00912,0.0,-0.25529
81.02851390838623,0.04103,1.26735,0.03191
81.09498476982117,-0.00456,-1.34029,-0.00456
81.12488985061646,-0.00912,-0.00912,0.01368
81.17739176750183,1.18074,0.03647,0.04103
81.20872378349304,0.04103,0.41029,0.25529
81.24481773376465,-0.16868,0.0,0.00456
81.29843974113464,-1.1625,-0.00912,0.00912
81.3314380645752,-1.3175,-0.00912,0.02735
81.38840579986572,0.0,-0.00912,-0.08206
81.41883063316345,0.05015,0.01824,1.05309
81.4784288406372,1.49529,-0.00912,0.02279
81.51646590232849,-0.16412,-0.02279,0.00456
81.56745886802673,-0.00456,0.00456,-1.4725
81.59959602355957,-0.01824,-0.27809,-0.47868
81.65910482406616,-0.37382,-0.06382,0.00912
81.68868398666382,0.03191,0.04103,1.00294
81.74885082244873,0.05926,-0.00456,-0.02735
81.77743291854858,-0.84794,-0.00456,-0.01368
81.84033465385437,0.0,0.0,-1.02118
81.86801671981812,0.0,-0.09118,0.00912
81.90378379821777,-0.00912,0.05015,0.0
81.96052765846252,0.00456,0.00456,0.00456
81.98950481414795,-0.01824,-1.49985,0.0
82.05320191383362,0.0,0.0,-0.51515
82.07737803459167,-0.46956,0.0,-0.05926
82.13887691497803,0.0,0.01368,0.53794
82.16743493080139,1.44971,0.01368,0.04559
82.22969079017639,1.10779,0.04559,0.05015
82.25796890258789,0.03191,0.0,-0.98015
82.35083985328674,0.01824,-0.85706,-0.00456
82.35190176963806,-0.18691,-0.00456,0.0
82.41524386405945,0.90721,0.05015,0.11397
82.43756985664368,0.03191,0.40574,0.22794
82.49838995933533,-0.01824,-0.11853,-0.32368
82.53097081184387,0.06382,0.01824,-0.00456
82.56048369407654,-0.01824,0.02279,-0.80235
82.61769962310791,0.0,-0.00456,0.01368
82.64876174926758,0.01368,-0.00456,-1.1625
82.71202993392944,1.29471,0.01824,0.04103
82.74434566497803,0.02735,0.82971,0.04103
82.79810571670532,-0.00912,0.0,-1.0075
82.82859492301941,-0.65191,0.0,-0.14588
82.89243268966675,0.03191,0.0,0.0
82.92561674118042,0.05015,0.05015,0.49235
82.97849488258362,0.0,-1.02118,0.0
83.00822377204895,1.46794,0.04559,0.03647
83.06837296485901,0.0,0.00456,-0.6975
83.10664176940918,-0.02735,0.04559,0.05015
83.15876293182373,1.38132,0.01368,0.02279
83.18737077713013,-0.00456,0.00456,0.01824
83.21771168708801,0.12765,-0.00456,0.0
83.27738785743713,-0.47412,-0.00912,-0.00456
83.31096172332764,-0.68382,0.0,0.0
83.36752891540527,0.04103,1.07132,0.04103
83.39754986763,0.0,0.0,0.03191
83.45850491523743,-0.00456,-0.00456,-1.21721
83.49320483207703,0.0,-0.50603,0.03647
83.54753398895264,0.05015,0.05015,0.60176
83.57843279838562,0.0,0.10941,0.01824
83.66729593276978,0.0,0.00456,-0.41029
83.66956377029419,0.73853,0.13221,0.03191
83.72929406166077,0.37382,0.21882,0.00456
83.7585027217865,-0.03191,-0.00456,-0.0775
83.8275158405304,-1.40412,-0.00456,-0.00456
83.84807085990906,-0.25074,-0.61544,-0.00456
83.87742471694946,0.04103,0.60632,0.03191
83.94497680664062,0.0,-0.00456,0.03647
83.96739077568054,0.10029,0.00456,-0.00912
84.03064894676208,0.05926,0.00912,0.02279
84.06050562858582,0.10941,0.55618,0.03191
84.1175627708435,-0.00912,0.0,0.01368
84.14879584312439,0.05015,1.38588,0.04103
84.21305894851685,0.0,0.03647,0.00912
84.23749494552612,0.05015,0.04103,0.67926
84.29799699783325,0.64735,0.02279,0.04559
84.33002495765686,0.47868,0.14132,0.05015
84.39643788337708,0.0,-0.00912,0.06382
84.44976878166199,0.12765,0.96191,0.04103
84.47739696502686,0.00912,0.11853,0.0
84.5133728981018,0.0,0.0,0.0
84.53742384910583,0.0,-0.82971,0.00456
84.59842300415039,-0.04559,0.01368,0.155
84.6301338672638,0.03191,0.05015,0.39662
84.71800804138184,-0.62456,0.00456,-0.04559
84.71953296661377,-0.62456,0.00456,-0.04559
84.77753186225891,0.05471,0.03647,0.47412
84.81223964691162,0.33735,0.79779,0.04103
84.86750364303589,-0.81603,-0.00456,-0.00456
84.90063977241516,-1.67309,-0.01368,-0.00456
84.96054077148438,-0.11853,0.03647,0.01824
84.9946038722992,-1.50441,-0.00912,-0.00912
85.04807186126709,-0.00456,-0.94368,-0.00912
85.0784649848938,0.40118,0.10941,0.05015
85.13738083839417,0.04103,0.18691,0.48779
85.16840171813965,-0.01824,0.0,-0.01824
85.19814968109131,-0.28265,-0.01824,-0.00456
85.2585608959198,0.03647,0.00456,0.00456
85.28751587867737,0.00456,0.00912,-0.00456
85.35010194778442,0.03191,0.74309,0.19603
85.37750172615051,0.03647,0.33735,0.43765
85.43859767913818,-0.02735,-0.00912,-0.09118
85.46747183799744,0.00912,0.00912,0.01824
85.53821897506714,0.00456,0.01368,0.00456
85.55890393257141,0.0,-0.00456,-0.00912
85.62415289878845,0.00912,0.01824,0.00456
85.64793992042542,0.00912,0.02279,0.0
85.70960092544556,0.01368,0.01368,0.00456
85.76795077323914,0.00456,0.00456,0.0
85.79756784439087,-0.00912,-0.00912,0.0
85.83088088035583,0.00456,0.02735,0.0
85.8572587966919,-0.00456,0.00456,0.0
85.95119380950928,0.0,0.02279,0.00912
85.95233082771301,0.00912,0.02279,0.02279
86.01758193969727,0.00912,0.0,0.0
86.03760981559753,0.01368,-0.00912,0.0
86.09986186027527,0.02735,0.01368,-0.00456
86.1283860206604,0.01824,0.0,0.01368
86.18838763237,0.03191,0.00912,0.01368
86.22473978996277,0.00456,0.00456,0.01824
86.27829694747925,0.02735,0.0,0.0
86.30753302574158,0.0,0.01368,-0.00912
86.36791491508484,0.0,0.00456,0.00456
86.39750981330872,0.02735,0.01824,-0.00456
86.47006487846375,-0.00912,0.00912,0.00912
86.49049997329712,0.00456,0.01824,-0.01368
86.52057385444641,0.00456,0.00912,0.01368
86.57739067077637,-0.00456,0.01368,0.00456
86.60830998420715,0.03191,0.00456,0.01824
86.67537474632263,0.00912,-0.00456,0.01368
86.69775199890137,0.00912,0.00456,0.04559
86.76041889190674,0.00912,0.03647,-0.00912
86.81758189201355,0.0,0.00456,-0.00912
86.84886598587036,0.02735,0.00912,0.01824
86.87995266914368,0.00456,0.01368,0.00456
86.94199180603027,0.00912,0.00456,0.01824
86.96744704246521,0.00912,0.0,0.0
87.03035688400269,-0.00912,0.00912,-0.00456
87.06662487983704,0.0,0.0,0.04559
87.11840677261353,0.00456,0.02279,0.0
87.14995980262756,0.03191,0.0,-0.00456
87.18639469146729,-0.00912,-0.00912,-0.00912
87.2384397983551,0.00912,0.0,0.0
87.27046084403992,0.03647,0.00456,0.0
87.32721996307373,0.01368,-0.00912,0.0
87.35716080665588,0.00456,0.01368,0.01368
87.41737174987793,0.00456,0.0,0.0
87.45581984519958,0.0,0.02735,-0.00456
87.5085518360138,0.01368,-0.00912,0.01368
87.53841471672058,0.01368,0.00912,-0.00456
87.60073494911194,0.01368,-0.00456,-0.00456
87.63039875030518,0.0,0.00912,0.00912
87.68741083145142,0.00912,0.00456,0.00456
87.71960496902466,0.00912,0.0,0.00456
87.78459596633911,0.00912,0.00456,-0.00456
87.80800199508667,0.0,0.02279,0.0
87.8701376914978,0.0,0.00912,0.0
87.90705585479736,-0.00456,-0.00456,0.00456
87.92788887023926,0.00912,0.00456,0.00456
87.9941737651825,0.00456,0.0,0.0
88.01752376556396,0.02279,0.04559,0.00456
88.07886981964111,0.01824,0.00456,0.0
88.11513996124268,0.02279,0.00912,0.00912
88.16755604743958,0.0,0.00456,0.00456
88.20010590553284,0.01824,0.02279,0.00912
88.26063370704651,0.02279,0.01368,0.04559
88.29055786132812,0.0,-0.00456,-0.00456
88.34737777709961,0.02735,0.01824,0.01368
88.38573884963989,0.00912,0.02279,0.01368
88.43797707557678,0.01368,0.00456,-0.00456
88.46739888191223,0.00456,0.01824,0.02279
88.4982419013977,0.01824,0.01824,0.02279
88.55853581428528,0.02279,0.00912,0.01368
88.59157395362854,0.00456,0.00912,0.01824
88.64780282974243,0.01824,0.01368,0.01824
88.67844080924988,0.01368,0.00456,0.00456
88.74242186546326,0.0,-0.00912,0.00456
88.768394947052,0.00912,-0.00456,-0.00456
88.82738780975342,0.05471,0.01368,0.01824
88.85859298706055,0.00912,0.00456,0.00912
88.92673683166504,0.0,0.00912,0.01824
88.94743800163269,0.01824,0.02279,0.0
89.01095867156982,0.03191,0.00912,0.02279
89.04375982284546,0.0,0.00456,0.02735
89.10026478767395,-0.00456,0.01368,0.00912
89.1277186870575,0.00456,0.02279,0.00456
89.1579897403717,0.00912,0.01368,0.01824
89.21842384338379,0.0,0.00456,-0.00912
89.24883484840393,0.01824,0.0,0.00912
89.31345891952515,0.01824,0.01368,0.01368
89.33777475357056,0.0,-0.00912,0.0
89.39963793754578,0.0,0.01824,0.00456
89.43130898475647,0.02279,0.00912,0.00456
89.4874198436737,0.01824,-0.00456,0.00456
89.51910972595215,0.00456,0.00912,0.0
89.57750868797302,0.02279,-0.00456,0.01368
89.60729789733887,0.00456,0.02279,0.02279
89.6684217453003,0.0,-0.01368,0.00912
89.70849180221558,0.00912,0.01368,0.01824
89.76612663269043,0.00456,0.01368,0.02279
89.79149103164673,0.0,0.01368,0.00456
89.82218885421753,0.0,0.00456,0.00912
89.9084939956665,0.0,0.00456,0.01824
89.90966296195984,0.0,0.02279,0.01368
89.97370290756226,0.01824,0.01368,0.00456
89.99963903427124,0.00456,0.0,0.00456
90.06187796592712,0.0,0.01368,-0.00456
90.08752298355103,0.00456,0.0,0.01368
90.14844584465027,0.02279,-0.02279,0.03191
90.17752695083618,-0.00912,-0.00912,-0.00912
90.23846864700317,-0.00456,0.00912,-0.00912
90.26738572120667,0.0,0.01824,0.0
90.33240580558777,0.03647,0.03647,0.00912
90.35970878601074,0.0,0.01368,0.02279
90.41846179962158,0.00912,0.0,0.01368
90.45065188407898,0.02279,0.00456,0.01824
90.47740578651428,0.01368,0.01368,0.01824
90.5382809638977,0.00912,0.00912,0.01824
90.56752681732178,0.01824,0.01368,0.02279
90.62851572036743,-0.00456,0.0,0.0
90.65809392929077,0.00912,0.01368,0.02279
90.71848797798157,0.0,-0.00456,0.00456
90.7487096786499,-0.00912,0.02279,-0.00456
90.81222581863403,0.00456,0.02279,0.00912
90.83962988853455,0.00912,0.00456,0.00456
90.9054000377655,-0.00456,0.0,-0.00456
90.92750000953674,0.00912,0.01368,0.01368
91.02032995223999,0.02279,0.00456,0.01824
91.02149701118469,-0.00912,0.01368,0.01368
91.07749605178833,0.01824,0.00456,0.01368
91.10761785507202,-0.00912,0.0,-0.00456
91.13786005973816,0.03647,0.01368,-0.00456
91.2066707611084,0.0,0.0,0.01824
91.22719287872314,0.01824,0.0,0.00456
91.28755283355713,0.03647,0.0,0.0
91.32173991203308,0.00912,0.01824,0.03647
91.37850999832153,-0.00456,0.00456,0.01368
91.40754771232605,0.01368,0.01824,-0.00456
91.46844983100891,0.0,0.0,0.0
91.5054247379303,0.02279,-0.00456,0.00456
91.55728793144226,0.0,0.02279,0.00456
91.5927050113678,0.01824,0.00456,0.0
91.64763689041138,0.01368,0.00456,0.00456
91.67748498916626,0.00456,0.00456,0.01824
91.74467873573303,0.01368,0.00456,0.03191
91.76735377311707,-0.00456,0.01824,-0.00456
91.79788184165955,0.0,0.02279,0.00912
91.85813283920288,0.0,0.02279,0.0
91.89819383621216,0.00456,0.0,0.0
91.94870495796204,-0.00456,-0.01368,0.00912
91.97779989242554,0.01368,0.00912,-0.01368
92.03747487068176,0.00912,0.0,0.00456
92.0674238204956,0.0,0.01824,0.00912
92.13368582725525,0.00912,0.00456,0.00456
92.15816688537598,0.00456,0.02279,0.00912
92.21921467781067,0.01824,-0.00456,0.0
92.25252676010132,0.0,0.0,0.0
92.30839395523071,0.00456,-0.00456,0.00456
92.3576397895813,-0.00456,-0.00456,-0.00456
92.40543293952942,0.01368,0.02735,0.02279
92.48764777183533,-0.00456,0.01368,0.01824
92.48965501785278,-0.00456,0.01368,0.01824
92.52308177947998,-0.00456,0.00912,0.00456
92.54749488830566,0.03647,0.00456,0.03191
92.60824179649353,0.00912,0.01368,0.01824
92.64058184623718,-0.00456,0.01824,0.00456
92.69756174087524,-0.00456,0.01368,0.00912
92.72881770133972,-0.00912,0.00912,-0.01368
92.78877377510071,0.01824,0.0,0.03647
92.82903480529785,0.02279,0.00456,0.00912
92.8796226978302,0.00456,-0.00912,0.00912
92.91388368606567,0.00456,0.00912,-0.00456
92.97005200386047,0.00456,0.00912,0.01824
92.99960279464722,0.0,0.0,0.00456
93.06003284454346,0.00912,0.03191,0.01824
93.08880877494812,0.01824,0.00456,0.00456
93.1212968826294,0.00912,0.01824,0.02279
93.17829871177673,0.01368,0.04103,0.0
