,time,ia,ib,ic
0,9.5367431640625e-07,0.00456,0.01368,0.00456
0,0.032492876052856445,0.00912,0.00912,0.00456
0,0.06460189819335938,0.00912,0.00912,0.00456
0,0.0678257942199707,0.00456,0.00912,0.00912
0,0.08979487419128418,0.00456,0.01368,0.00456
0,0.11946487426757812,0.01368,-0.00456,0.00456
0,0.13562893867492676,0.00456,0.02279,0.00456
0,0.15682387351989746,0.00912,0.0,0.01368
0,0.17858195304870605,0.00912,0.0,0.00912
0,0.19727778434753418,0.00456,0.00912,0.01368
0,0.2256789207458496,0.0,0.02735,0.00912
0,0.2553987503051758,-0.00456,0.01368,0.0
0,0.27684879302978516,0.01824,0.0,0.0
0,0.28469085693359375,0.01824,0.0,0.0
0,0.31595277786254883,0.02279,0.0,0.00912
0,0.3436739444732666,0.00912,0.01824,0.00456
0,0.36583495140075684,0.03191,0.0,0.01368
0,0.39118003845214844,0.01368,0.00912,-0.00912
0,0.40482401847839355,0.00456,0.01824,0.0
0,0.43411874771118164,0.0,0.0,0.0
0,0.4543619155883789,-0.00912,0.0,-0.00912
0,0.47912096977233887,0.00456,0.00912,0.01368
0,0.5050709247589111,0.0,-0.00456,0.00912
0,0.5236227512359619,0.00456,0.0,0.00456
0,0.5407390594482422,0.00456,0.0,0.00456
0,0.5708818435668945,-0.00912,0.00912,-0.00912
0,0.5900018215179443,-0.00912,0.00912,-0.00912
0,0.615358829498291,0.01368,0.01368,0.00912
0,0.6513278484344482,0.0,0.00912,0.0
0,0.6599769592285156,0.01824,0.00912,0.00912
0,0.702002763748169,0.0,0.01824,0.00912
0,0.7051517963409424,0.0,0.0,0.01368
0,0.7339718341827393,0.0,0.00456,0.02279
0,0.7500548362731934,0.01824,0.00456,0.00912
0,0.7790889739990234,0.0,0.00456,0.00456
0,0.7994189262390137,-0.00456,0.0,0.01368
0,0.8237569332122803,0.01824,-0.01368,-0.00912
0,0.8483428955078125,0.00912,-0.00456,0.03191
0,0.8701679706573486,0.00912,0.00456,0.0
0,0.8852598667144775,0.00912,0.00456,0.0
0,0.9147439002990723,0.0,0.0,0.00912
0,0.9448597431182861,0.00456,-0.00912,-0.00456
0,0.9624078273773193,0.01368,0.00912,0.0
0,0.9977908134460449,-0.00456,-0.00456,0.01368
0,1.004530906677246,0.0,0.0,0.0
0,1.0347497463226318,0.0,0.0,0.0
0,1.0667707920074463,0.0,0.0,0.0
0,1.079077959060669,0.01824,-0.00456,-0.00912
0,1.0954930782318115,0.01824,-0.00456,-0.00912
0,1.1308777332305908,0.01368,0.0,0.03647
0,1.1397857666015625,0.00456,0.00912,0.0
0,1.1686179637908936,0.00456,-0.01368,0.01824
0,1.2072041034698486,0.01824,0.00912,0.02279
0,1.2147648334503174,-0.00456,-0.00456,-0.00912
0,1.2452137470245361,0.03191,0.00456,0.01824
0,1.2729549407958984,0.00456,0.00912,0.00456
0,1.3043019771575928,-0.00456,-0.00456,0.02735
0,1.3332290649414062,0.01368,0.01824,0.0
0,1.3356437683105469,0.01368,0.01824,0.0
0,1.3564889430999756,0.00456,0.03191,0.00912
0,1.3843088150024414,0.0,0.01368,0.02735
0,1.4098808765411377,0.03647,0.0,0.01368
0,1.4352779388427734,0.0,0.00912,0.00912
0,1.4548840522766113,0.01368,-0.00456,0.00456
0,1.4707310199737549,0.01368,-0.00456,0.00456
0,1.4990808963775635,0.01368,0.0,0.0
0,1.524413824081421,0.01368,0.02735,0.01368
0,1.5498621463775635,0.00456,0.00456,0.0
0,1.5901391506195068,0.0,0.00912,0.01368
0,1.592998743057251,0.00912,0.00912,0.0
0,1.620722770690918,0.00456,-0.00456,0.0
0,1.6455528736114502,0.00456,0.01368,0.00456
0,1.6712708473205566,0.01824,0.00912,0.00456
0,1.6799778938293457,0.01368,0.01368,0.0
0,1.7097020149230957,0.0,0.00456,0.0
0,1.737617015838623,0.01368,0.00456,-0.00456
0,1.7634978294372559,0.00912,0.00912,0.00456
0,1.770481824874878,0.00912,0.00912,0.03191
0,1.800225019454956,0.02735,-0.00912,0.0
0,1.814647912979126,0.0,0.00912,0.00912
0,1.8568317890167236,0.00456,0.0,0.0
0,1.8606960773468018,0.01824,0.00912,0.00912
0,1.8887839317321777,0.00912,0.00912,0.02279
0,1.920231819152832,0.01824,0.02279,0.00912
0,1.9446430206298828,0.01824,0.0,0.0
0,1.973329782485962,0.00912,0.00912,0.00912
0,1.9797580242156982,0.01824,0.0,0.00456
0,2.009446859359741,0.00912,0.01824,0.01368
0,2.0280978679656982,0.0,0.01368,0.0
0,2.0650198459625244,0.00912,0.00456,0.01824
0,2.0696418285369873,0.00456,0.00912,0.01368
0,2.0994668006896973,0.00912,0.02279,0.00456
0,2.120828866958618,0.0,-0.00456,0.01368
0,2.1489388942718506,0.01368,-0.00456,0.00456
0,2.183454990386963,-0.00912,-0.00456,-0.00456
0,2.190037965774536,0.0,0.00456,-0.00912
0,2.218679904937744,0.0,0.0,0.00456
0,2.239287853240967,0.00912,0.01368,0.02279
0,2.2672088146209717,0.01368,0.00456,0.00912
0,2.2799620628356934,0.03647,0.0,0.00912
0,2.3103888034820557,0.00912,-0.00912,0.0
0,2.330645799636841,0.00912,-0.00912,0.0
0,2.3822860717773438,0.02279,0.01368,0.01368
0,2.386214017868042,0.0,0.00456,0.0
0,2.3996498584747314,0.01368,0.0,0.00456
0,2.428820848464966,0.00912,0.01368,0.00912
0,2.446805953979492,0.00912,0.01368,0.00912
0,2.474436044692993,0.0,0.00912,0.01824
0,2.4992449283599854,0.01368,0.00912,0.01824
0,2.518660068511963,0.01824,0.01368,-0.00456
0,2.53678297996521,0.00912,0.03191,0.00912
0,2.5656118392944336,0.00912,0.02279,0.00456
0,2.5906238555908203,0.0,-0.00456,0.00912
0,2.623731851577759,0.00912,-0.00912,0.02279
0,2.639686107635498,-0.00456,0.01368,0.0
0,2.657000780105591,-0.00456,0.01368,0.0
0,2.6847829818725586,0.0,-0.00456,0.01824
0,2.7106170654296875,0.01368,0.0,0.0
0,2.736754894256592,0.00456,0.0,0.00912
0,2.7458810806274414,-0.00456,-0.00912,0.01368
0,2.776688814163208,0.01368,0.00456,0.01368
0,2.7895898818969727,0.01368,0.01824,0.00456
0,2.8315789699554443,-0.00456,0.00456,0.01824
0,2.8350629806518555,-0.00456,0.00456,0.01824
0,2.8649299144744873,0.00912,0.00912,0.00456
0,2.8977019786834717,0.00456,0.00456,0.0
0,2.909614086151123,0.0,0.0,0.0
0,2.9504358768463135,0.0,0.00912,0.0
0,2.9546959400177,0.0,0.0,0.00912
0,2.9841959476470947,0.0,0.01824,0.01824
0,2.999755859375,0.01824,0.01824,0.01824
0,3.0414788722991943,0.00912,0.00456,0.01368
0,3.04548978805542,0.00912,0.00456,0.01368
0,3.075003147125244,0.00456,0.0,0.02279
0,3.0918188095092773,0.00456,0.0,0.02279
0,3.118243932723999,0.03647,0.01824,0.00456
0,3.152517080307007,0.0,0.02279,0.01824
0,3.1648049354553223,0.0,0.00456,0.00912
0,3.1933679580688477,0.02735,0.02279,0.01824
0,3.2130539417266846,0.01368,0.0,0.01368
0,3.248507022857666,0.01824,0.02735,0.00456
0,3.25439190864563,0.01824,0.00456,0.00912
0,3.2839999198913574,0.00456,0.02735,0.01368
0,3.3056130409240723,0.00456,0.02735,0.01368
0,3.3313660621643066,0.0,0.01824,0.02279
0,3.3447039127349854,0.01824,0.00912,0.01824
0,3.375016927719116,0.0,0.00912,-0.00456
0,3.4032480716705322,0.0,0.00912,0.02279
0,3.420058012008667,0.00456,-0.00456,0.01368
0,3.448603868484497,-0.00912,0.0,0.00912
0,3.46431303024292,0.01368,0.00456,0.02279
0,3.4931960105895996,0.00912,0.03191,0.01824
0,3.5127720832824707,-0.00456,0.0,0.0
0,3.5388448238372803,-0.00456,0.0,0.00912
0,3.5611069202423096,-0.00456,-0.00912,0.00912
0,3.5833699703216553,0.01368,0.00912,0.0
0,3.600705862045288,-0.00456,0.0,0.00456
0,3.630337953567505,0.0,0.00456,0.01824
0,3.652121067047119,0.00456,0.00456,0.00456
0,3.678632974624634,0.0,0.00912,0.00912
0,3.715369939804077,0.00456,-0.00456,0.00456
0,3.7212090492248535,0.00912,0.00456,0.0
0,3.748562812805176,0.02279,0.0,0.00456
0,3.769577980041504,0.02279,0.0,0.00456
0,3.7990479469299316,0.0,0.02279,0.01824
0,3.8093318939208984,0.0,0.02279,0.01824
0,3.8391568660736084,0.00912,0.0,0.01824
0,3.8634700775146484,0.00912,0.0,0.01824
0,3.8988730907440186,0.00912,-0.00456,0.01368
0,3.915781021118164,0.00912,-0.00456,0.01368
0,3.929226875305176,0.02279,0.0,0.01368
0,3.9594459533691406,0.00912,0.00456,0.0
0,3.9786858558654785,0.0,0.0,0.00456
0,4.004073858261108,-0.03647,-0.02735,-0.02279
0,4.031442880630493,-0.24618,-0.2325,-0.22338
0,4.048366069793701,-0.26441,-0.25074,-0.25074
0,4.068583726882935,0.95279,-0.00912,-0.31456
0,4.095383882522583,-0.25074,-0.31912,-0.31456
0,4.120694875717163,-0.13221,-0.14588,-0.16412
0,4.148371934890747,-0.11853,-0.10029,-0.09574
0,4.155023097991943,-0.04559,-0.05926,-0.07294
0,4.1863768100738525,-0.04103,-0.03647,-0.02279
0,4.206799030303955,-0.01368,-0.00456,-0.01824
0,4.237429857254028,-0.00912,-0.00912,-0.00912
0,4.264434814453125,3.26412,1.45426,0.31456
0,4.274661064147949,-0.21426,-0.24162,2.49824
0,4.3053810596466064,-0.26897,2.39794,1.01662
0,4.323170900344849,-0.30088,-0.30544,-0.29632
0,4.354074001312256,-0.30088,-0.30088,-0.33279
0,4.382022857666016,-0.25074,-0.25074,-0.25074
0,4.394235849380493,-0.11853,-0.12765,-0.10485
0,4.414006948471069,-0.10485,-0.09118,-0.09118
0,4.454669952392578,-0.01368,-0.02735,-0.00456
0,4.472620010375977,-0.01368,-0.02735,-0.00456
0,4.485174894332886,-0.00456,0.0,0.0
0,4.513373851776123,-0.00456,0.00456,-0.00456
0,4.538583993911743,0.0,-0.00912,-0.00912
0,4.564661979675293,0.00456,0.00912,0.00912
0,4.5743248462677,0.00456,0.00912,0.0
0,4.615215063095093,0.0,0.00456,0.02279
0,4.619313716888428,-0.01368,0.0,0.00456
0,4.65545392036438,0.01824,0.03647,0.0
0,4.664411783218384,0.00456,0.00912,0.01824
0,4.706092834472656,0.00912,0.0,-0.00456
0,4.70953106880188,0.01824,0.04103,0.01824
0,4.73855185508728,0.00912,-0.00456,0.00912
0,4.756853818893433,-0.00912,-0.00456,-0.00456
0,4.783411979675293,0.00456,0.0,-0.01368
0,4.813455104827881,0.01824,0.00456,0.00456
0,4.834812879562378,0.01824,0.00456,0.00456
0,4.860948801040649,0.00912,0.0,0.00456
0,4.874324798583984,-0.00912,0.0,0.01824
0,4.90327000617981,0.01824,0.00912,0.0
0,4.924788951873779,0.01824,0.00912,0.0
0,4.952582836151123,0.00456,0.03647,0.00912
0,4.976203918457031,0.00912,-0.00456,0.00456
0,5.004397869110107,0.01368,0.01368,0.00456
0,5.009864807128906,0.01368,0.00912,0.01368
0,5.038312911987305,0.00912,-0.00456,-0.00456
0,5.057215929031372,0.0,0.0,0.01368
0,5.085757732391357,0.01368,0.02735,-0.00456
0,5.109369993209839,0.0,0.01824,0.00456
0,5.13534688949585,0.00456,0.00912,0.01368
0,5.184098958969116,0.00912,0.02279,0.00456
0,5.187087059020996,0.01368,0.01824,0.01824
0,5.213753938674927,-0.00456,0.01368,0.00912
0,5.220237970352173,0.0,0.00456,0.00912
0,5.2484657764434814,0.00456,0.00912,0.01824
0,5.267054080963135,0.0,0.0,0.00456
0,5.293370962142944,0.00912,-0.00912,0.00912
0,5.3199989795684814,0.00456,-0.00456,0.02279
0,5.353555917739868,1.6275,0.19147,-0.65647
0,5.370604038238525,1.6275,0.19147,-0.65647
0,5.384306907653809,0.10485,-0.72485,-0.79324
0,5.401770830154419,2.07427,4.47676,1.78706
0,5.428383827209473,-0.90721,-0.90265,3.39176
0,5.459217071533203,-0.96191,-0.95279,-0.96647
0,5.477902889251709,-0.98015,-0.97103,-0.97103
0,5.503659009933472,1.18073,-0.0775,-0.93456
0,5.526496887207031,-0.98471,-0.98471,-0.98926
0,5.5486838817596436,1.75971,0.14132,-0.87074
0,5.575776815414429,-1.01206,-0.99838,-0.99838
0,5.6015729904174805,-0.98471,-1.02118,-0.99838
0,5.610060930252075,3.02706,1.20353,-0.07294
0,5.652308940887451,-0.99382,4.18044,3.45559
0,5.65527081489563,-0.99382,4.18044,3.45559
0,5.683290958404541,-0.56074,-0.56074,-0.53794
0,5.72669792175293,-0.31456,-0.33735,-0.31912
0,5.729367017745972,-0.31456,-0.33735,-0.31912
0,5.760190963745117,1.94206,0.49235,1.10779
0,5.781003952026367,0.15956,0.18235,0.13676
0,5.803370952606201,1.16706,1.02573,0.14132
0,5.832383871078491,1.98765,0.11853,0.11397
0,5.858275890350342,1.99221,1.085,0.33735
0,5.864269971847534,-1.84176,-0.42853,-2.30676
0,5.893538951873779,-2.87206,-0.52426,-0.24618
0,5.9236369132995605,0.05926,0.04103,0.06382
0,5.939379930496216,-1.37221,-4.00721,0.06838
0,5.9815099239349365,2.51647,3.27324,3.60147
0,5.9852447509765625,2.51647,3.27324,3.60147
0,6.013275146484375,0.92088,0.42397,0.0775
0,6.035262823104858,0.92088,0.42397,0.0775
0,6.0586700439453125,-0.85706,-0.87985,-0.51059
0,6.084342002868652,-0.85706,-0.87985,-0.51059
0,6.110407829284668,0.04559,0.0,1.08956
0,6.1193389892578125,-0.47412,-0.42853,-1.19441
0,6.161224842071533,-0.01368,-0.08662,0.04103
0,6.178367853164673,-1.0075,-0.71574,-0.41485
0,6.19441294670105,0.05015,0.05015,0.04103
0,6.232812881469727,0.98015,0.53794,0.49235
0,6.239300966262817,-0.67015,-1.32662,-1.18985
0,6.268548011779785,0.98926,0.96191,0.55162
0,6.287454843521118,1.14882,0.99382,0.53794
0,6.313325881958008,0.15044,-0.12309,0.03191
0,6.335613965988159,0.38294,0.75676,1.20809
0,6.3616108894348145,0.04559,0.03647,0.03647
0,6.388236999511719,0.06382,0.03647,-0.02735
0,6.4142749309539795,0.06382,0.03647,-0.02735
0,6.448855876922607,0.77044,0.44676,-0.00456
0,6.464557886123657,0.77044,0.44676,-0.00456
0,6.490165948867798,-1.21265,-1.01206,-0.54706
0,6.495072841644287,0.03647,0.04103,0.04559
0,6.553422927856445,-0.02735,0.03191,0.03191
0,6.555900812149048,-0.02735,0.03191,0.03191
0,6.569226980209351,0.14588,0.98926,0.77044
0,6.589342832565308,0.28265,0.87985,0.72029
0,6.614529848098755,0.03647,0.04559,-0.60632
0,6.6397600173950195,0.74309,0.39662,0.77956
0,6.66275691986084,-0.55162,0.05471,0.05926
0,6.67557692527771,-0.23706,-0.18691,-0.93456
0,6.703297853469849,0.05015,0.04559,0.03191
0,6.737867832183838,-0.8525,-0.37838,-0.12765
0,6.7495338916778564,0.10941,0.04559,0.05471
0,6.778470039367676,-0.775,-1.1625,-0.87074
0,6.797799825668335,-0.775,-1.1625,-0.87074
0,6.8233489990234375,-0.60632,-0.31912,-1.0075
0,6.8495728969573975,0.03647,-0.42853,-1.03485
0,6.875204086303711,-0.86162,-0.56985,-0.25985
0,6.884152889251709,-0.99382,-0.57441,-0.23706
0,6.9253199100494385,0.93912,0.45132,0.23706
0,6.929478883743286,-0.36471,-1.1625,-0.97103
0,6.95976185798645,0.01824,0.03191,0.05015
0,6.976707935333252,0.98015,1.01206,0.53338
0,7.00407075881958,0.04103,0.05015,-1.0075
0,7.034290790557861,0.51971,0.41941,1.01206
0,7.070947885513306,0.01824,0.25985,0.93456
0,7.078476905822754,-0.15956,-0.56074,-0.92088
0,7.0943567752838135,0.03647,0.03647,0.00912
0,7.1232829093933105,-0.92088,-0.42397,0.05926
0,7.147296905517578,-0.73397,-0.25074,-0.08662
0,7.170416831970215,0.06382,0.04559,0.01824
0,7.196563959121704,-1.04397,-1.15794,-0.73397
0,7.2133448123931885,-0.26897,0.03191,0.04559
0,7.23044490814209,-0.41941,-0.41485,-0.93912
0,7.268676042556763,0.50147,-0.05926,0.02735
0,7.275053024291992,0.14588,0.5425,1.06676
0,7.30333685874939,0.03191,0.03191,0.04103
0,7.3193440437316895,-0.44221,-0.15044,0.05015
0,7.348298788070679,0.84794,1.33118,1.08956
0,7.3909289836883545,0.04103,0.05015,0.01824
0,7.3943469524383545,-0.89809,-0.47412,0.10029
0,7.42336893081665,0.31456,1.13059,1.12147
0,7.442678928375244,0.05926,0.05926,0.03191
0,7.468277931213379,1.58647,0.00456,0.01824
0,7.484411716461182,2.01044,3.03162,3.15015
0,7.515807867050171,0.01824,0.05015,0.05471
0,7.530052900314331,0.06838,0.06382,0.05471
0,7.560157775878906,0.05471,0.05015,0.04559
0,7.603332042694092,-2.37515,-2.45265,-2.18824
0,7.61978006362915,-1.36309,0.04103,0.05015
0,7.63503885269165,1.26279,0.96191,0.74309
0,7.65067195892334,-0.39206,-1.33118,-1.24
0,7.678448677062988,-1.29471,-1.15794,-0.65647
0,7.6942808628082275,-0.04559,0.04559,0.02279
0,7.73967981338501,0.03647,0.03191,0.03647
0,7.754312753677368,0.04103,-0.8525,-1.34029
0,7.770056962966919,0.04103,-0.8525,-1.34029
0,7.784450054168701,0.05471,0.05471,0.05015
0,7.813287734985352,-1.02574,-0.73397,0.0775
0,7.830100774765015,1.81441,2.37515,2.21559
0,7.859554052352905,0.05926,3.33706,3.86132
0,7.875936985015869,0.0,0.02279,0.00912
0,7.9033448696136475,1.32662,4.92809,5.59824
0,7.919368743896484,-6.69691,-6.78809,-6.87471
0,7.949007034301758,6.77897,6.77897,5.93103
0,7.985392808914185,-6.97956,-6.97956,-6.97956
0,7.994765043258667,6.77897,-0.07294,-0.05015
0,8.023329973220825,-0.08206,-0.0775,-6.7425
0,8.045565843582153,-6.97956,-6.97956,-6.97956
0,8.068317890167236,-6.98412,-6.98412,-6.98412
0,8.090165853500366,-6.98412,-6.98412,-6.98412
0,8.115400791168213,6.77897,6.77897,6.14074
0,8.138398885726929,6.77441,6.77441,6.77441
0,8.16487193107605,6.78353,5.04206,6.07235
0,8.174584865570068,5.73044,5.79882,5.82618
0,8.203358888626099,5.01015,4.96,3.7975
0,8.227036714553833,-4.13029,-4.13485,-3.91147
0,8.252044916152954,2.4025,1.29471,-0.00456
0,8.278406143188477,-2.02868,-1.78706,0.05471
0,8.302212953567505,-2.64412,-2.79456,-2.56206
0,8.323351860046387,0.05926,0.05015,2.96779
0,8.339605808258057,-4.85971,-5.13779,-5.10588
0,8.369597911834717,-5.99485,-4.42662,-5.425
0,8.387532949447632,4.94632,-0.00912,-0.00912
0,8.417207956314087,6.18632,6.63309,6.77441
0,8.429777145385742,6.77441,6.77441,6.77441
0,8.458714008331299,-3.02706,-6.18632,-6.93853
0,8.474338054656982,-6.38691,-6.47353,-6.67868
0,8.504611015319824,5.735,0.0,0.00456
0,8.532176971435547,-4.11662,-4.64088,-4.69103
0,8.556694984436035,0.05471,0.05015,0.05471
0,8.583581924438477,-2.33868,-2.08794,0.05926
0,8.594289779663086,-1.98765,-2.63956,-2.68059
0,8.645165920257568,-2.69882,-2.66235,-2.37059
0,8.655243873596191,3.99809,3.37353,3.92515
0,8.674396753311157,3.99809,3.37353,3.92515
0,8.684436798095703,4.39471,4.89162,4.97824
0,8.724969863891602,5.58,5.70309,5.90368
0,8.730953931808472,0.05471,0.04103,4.46765
0,8.759238719940186,-5.93103,-6.80176,-6.98412
0,8.78994607925415,-6.99324,-6.99324,-6.99324
0,8.81090784072876,6.78353,6.78353,6.64221
0,8.835814714431763,0.0,-0.01368,-0.01368
0,8.856744766235352,-6.975,-6.975,-6.975
0,8.878375768661499,0.08206,0.07294,4.79588
0,8.894308090209961,-6.975,-6.975,-6.355
0,8.92347002029419,0.0,0.02279,0.00912
0,8.946213006973267,0.05926,0.05015,0.02735
0,8.97059178352356,0.00456,0.02279,0.0
0,8.99723482131958,0.05471,0.03191,0.04103
0,9.013304948806763,0.62456,0.39662,1.13971
0,9.051162004470825,-0.26441,-1.03485,-0.84794
0,9.060627937316895,1.13971,0.75676,0.36926
0,9.090482950210571,-0.55618,-0.72485,-1.27647
0,9.108667850494385,-0.55618,-0.72485,-1.27647
0,9.134395837783813,1.05765,0.65647,0.16868
0,9.149379014968872,-1.4725,-1.87824,-1.58647
0,9.178331851959229,0.01368,0.05471,0.04103
0,9.194602966308594,-1.89191,-1.75059,0.05015
0,9.223800897598267,1.98309,2.59397,2.58941
0,9.244370937347412,0.04559,-0.00456,0.01368
0,9.269808769226074,3.27324,3.05441,0.00456
0,9.284260034561157,-0.00912,-3.29603,-4.26706
0,9.313391923904419,-5.83074,-5.9675,-6.13618
0,9.352757930755615,-6.975,-6.975,-6.975
0,9.359794855117798,-2.66235,-6.82,-6.97956
0,9.388463020324707,6.77441,6.77441,6.77441
0,9.404706001281738,6.77441,6.77441,6.77441
0,9.433339834213257,-6.975,-6.975,-6.975
0,9.449461936950684,6.76985,6.76985,6.76985
0,9.489658117294312,-6.97956,-6.97956,-6.97956
0,9.494331121444702,-5.71676,-5.37029,-5.26544
0,9.5291907787323,0.0,0.0,-0.53338
0,9.555281162261963,-6.98412,-6.98412,-6.98412
0,9.569425821304321,-0.59721,-0.58809,-0.59265
0,9.59877896308899,0.0,0.0,0.0
0,9.61459994316101,-1.29927,-6.975,-6.975
0,9.644197940826416,-0.78868,-0.78868,-0.79324
0,9.664304733276367,0.0,0.0,0.0
0,9.690424919128418,0.0,0.0,0.0
0,9.70435094833374,-0.86618,-0.85706,-0.86618
0,9.733439922332764,-0.88441,-0.87529,-0.88441
0,9.749990701675415,-2.83103,-2.68971,-2.64412
0,9.780324935913086,0.0,0.0,0.0
0,9.808734893798828,0.0,0.0,0.0
0,9.825361013412476,0.0,0.0,0.0
0,9.853308916091919,0.0,0.0,0.0
0,9.869484901428223,-6.98868,-6.98868,-6.98868
0,9.909199953079224,-3.84765,-3.38721,-3.36441
0,9.914385795593262,-6.975,-6.975,-6.975
0,9.945000886917114,-5.00103,-4.25794,-3.9525
0,9.96440601348877,-5.00103,-4.25794,-3.9525
0,9.989603996276855,-4.06191,-3.49206,0.0
0,10.004417896270752,-5.0375,-4.40838,-4.07559
0,10.04702091217041,-6.98412,-6.98412,-6.98412
0,10.070506811141968,-0.56074,-0.57441,-0.56074
0,10.079806804656982,0.0,0.0,0.0
0,10.10844087600708,0.0,0.0,0.0
0,10.12440800666809,0.0,0.0,0.0
0,10.156507015228271,0.0,0.0,0.0
0,10.18248701095581,6.77441,6.77441,6.77441
0,10.205963850021362,0.0,0.0,0.0
0,10.215045928955078,-0.47868,-0.47868,-0.47868
0,10.244876861572266,-0.47412,-0.47868,-0.465
0,10.259771823883057,-0.47868,-0.46956,-5.21529
0,10.290881872177124,-6.97956,-6.97956,-6.97956
0,10.320122957229614,-6.98412,-6.98412,-6.98412
0,10.337287902832031,-5.71676,-5.21074,-4.93265
0,10.369618892669678,-4.81868,-0.67927,0.0
0,10.379356861114502,0.0,0.0,0.0
0,10.40849494934082,0.0,-6.60574,-7.21206
0,10.432358741760254,-0.44221,-0.43765,-0.43765
0,10.458184957504272,-6.975,-6.975,-6.975
0,10.46934175491333,-6.97956,-6.97956,-6.97956
0,10.510142803192139,-7.07985,-6.31397,-5.69397
0,10.528615713119507,0.0,0.0,0.0
0,10.544795036315918,-6.97956,-6.97956,-6.97956
0,10.574856758117676,-13.75853,-13.75853,-13.75853
0,10.595180034637451,-13.75853,-13.75853,-13.75853
0,10.618576049804688,-5.60735,-5.22441,-5.04662
0,10.646451950073242,6.77441,6.77441,6.77441
0,10.663360834121704,6.78353,6.78353,6.78353
0,10.679412841796875,0.0,-2.69882,-7.19838
0,10.746448993682861,-0.45588,-0.44676,-0.45588
0,10.754487991333008,-6.975,-6.975,-6.975
0,10.776592016220093,-6.97956,-6.97956,-6.97956
0,10.784635066986084,-6.975,-6.975,-6.975
0,10.79944396018982,-0.45588,-0.45132,-5.46147
0,10.836278915405273,-0.48324,-0.47868,-0.46044
0,10.84508204460144,0.0,0.0,-5.10132
0,10.885653972625732,0.0,0.0,0.0
0,10.889546871185303,0.0,0.0,0.0
0,10.919232845306396,0.0,0.0,0.0
0,10.934419870376587,6.76985,6.76985,6.76985
0,10.973735809326172,-4.57706,-4.44029,-4.26706
0,10.979323863983154,0.44676,1.21265,1.54088
0,11.008710145950317,-5.50706,-5.08309,-4.91897
0,11.025896787643433,-5.27,-4.95544,-4.84603
0,11.053481817245483,-3.6425,0.0,0.0
0,11.083479881286621,0.0,0.0,0.0
0,11.108293056488037,0.0,0.0,0.0
0,11.133333921432495,0.0,0.0,0.0
0,11.158159971237183,0.0,0.0,0.0
0,11.18641996383667,0.0,0.0,-0.64279
0,11.189351797103882,-2.07882,-7.20294,-7.19838
0,11.218417882919312,-4.11206,-6.975,-6.975
0,11.245330810546875,-6.97956,-6.97956,-6.97956
0,11.271864891052246,-6.97956,-6.97956,-6.97956
0,11.297457933425903,-6.98412,-6.98412,-6.98412
0,11.309388875961304,-13.75853,-13.75853,-13.75853
0,11.338424921035767,-5.87177,-5.27912,-5.04206
0,11.354493856430054,-2.87662,0.0,0.0
0,11.383543014526367,0.0,0.0,0.0
0,11.40843677520752,0.0,0.0,0.0
0,11.434067964553833,0.0,0.0,0.0
0,11.445040702819824,0.0,0.0,-4.89162
0,11.473804950714111,-6.975,-6.975,-6.975
0,11.503479957580566,-13.75853,-13.75853,-13.75853
0,11.519439935684204,-13.75853,-13.75853,-11.27853
0,11.592369794845581,0.0,-5.1925,-7.14824
0,11.59597897529602,-0.36471,-0.36471,-0.36927
0,11.609514951705933,-6.97956,-6.97956,-6.97956
0,11.624445915222168,-6.97956,-6.97956,-6.97956
0,11.651786804199219,0.0,0.0,0.0
0,11.654976844787598,0.0,0.0,0.0
0,11.68367886543274,-6.97956,-6.97956,-6.97956
0,11.706323862075806,-13.75853,-13.75853,-13.75853
0,11.734102964401245,0.0,0.0,0.0
0,11.759792804718018,-6.975,-6.975,-6.975
0,11.790215730667114,-5.23353,-5.0375,-0.50147
0,11.817293882369995,0.0,0.0,0.0
0,11.821265697479248,0.0,0.0,0.0
0,11.84880781173706,-6.98412,-6.98412,-6.98412
0,11.867015838623047,-13.75853,-9.74677,-6.97044
0,11.893399000167847,6.76985,6.76985,6.76985
0,11.9303457736969,-6.98412,-6.98412,-6.98412
0,11.939352035522461,-13.75853,-6.95677,-6.94309
0,11.97923994064331,-0.33735,-0.33735,-0.32368
0,11.984444856643677,-6.09515,-6.975,-6.975
0,12.013415813446045,6.77441,6.77441,6.77441
0,12.029635906219482,-0.31456,-0.31,-6.975
0,12.0673508644104,-13.75853,-13.75853,-13.75853
0,12.092934131622314,-0.32368,-0.32368,-0.76588
0,12.116992950439453,-5.62103,-4.63632,0.0
0,12.144526958465576,-6.975,-6.975,-6.975
0,12.149592876434326,-6.09059,-5.94015,-5.82162
0,12.178492784500122,-13.75853,-13.75853,-13.75853
0,12.2028329372406,6.76529,6.76529,6.76529
0,12.228412866592407,-6.18176,-5.93559,-5.81706
0,12.252718925476074,-6.98868,-6.98868,-6.98868
0,12.281215906143188,-6.97956,-6.97956,-6.97956
0,12.284299850463867,0.0,0.0,0.0
0,12.313443899154663,-0.08662,0.18691,0.43765
0,12.341076850891113,0.0,-0.95279,-7.02971
0,12.366111993789673,6.76985,6.76985,6.76985
0,12.374253034591675,-0.25529,-0.25074,-6.70603
0,12.415608882904053,-6.98868,-6.98868,-6.98868
0,12.43347692489624,-5.48427,-7.02971,-7.02515
0,12.449489116668701,-0.23706,-0.24618,-0.24618
0,12.479505777359009,6.76985,6.76985,6.76985
0,12.498368978500366,-6.97956,-6.97956,-6.97956
0,12.523521900177002,-6.97956,-6.97956,-6.97956
0,12.549239873886108,-0.21882,-0.21882,-6.975
0,12.568467855453491,-7.00691,-6.99324,-6.98868
0,12.58446979522705,-6.30029,-6.11338,-0.88441
0,12.613948822021484,6.77441,6.77441,6.77441
0,12.651644706726074,-0.04103,-0.04103,-0.04103
0,12.659612894058228,-0.15956,-0.15956,-0.18235
0,12.68889594078064,-6.98412,-6.98412,-6.98412
0,12.704437971115112,6.77441,6.77441,6.77441
0,12.739741802215576,-6.975,-6.975,0.04103
0,12.75037693977356,0.02735,0.02735,2.7125
0,12.789302825927734,-0.00456,0.0,0.0
0,12.794466018676758,-0.79324,-1.59559,-1.46338
0,12.85362195968628,0.03191,-0.50603,-1.18074
0,12.874982118606567,0.02735,0.03191,0.02735
0,12.885424137115479,-0.02279,0.00912,0.04559
0,12.902926921844482,0.10029,-0.06382,0.02735
0,12.922456979751587,-1.085,-0.83882,-0.36926
0,12.953587770462036,-0.12309,-0.85706,-0.79779
0,12.959747076034546,-1.18074,-0.90265,-0.59265
0,12.988582849502563,0.02279,0.84794,0.97559
0,13.012743949890137,0.02279,0.84794,0.97559
0,13.06161880493164,-0.2325,0.05015,0.05471
0,13.065224885940552,0.29632,0.18691,0.04103
0,13.092081785202026,0.67471,0.18691,-0.10485
0,13.094589948654175,-1.1625,-0.70206,-0.25529
0,13.12344479560852,-0.18691,-0.62456,-0.85706
0,13.139618873596191,-0.56985,-0.27353,-0.95279
0,13.17785906791687,-1.05765,-0.95279,-0.48779
0,13.202293872833252,0.03647,0.67015,1.10324
0,13.214236736297607,0.04559,0.03191,0.67926
0,13.243473052978516,0.01368,0.03191,0.02735
0,13.259528875350952,-0.01368,0.02279,0.04103
0,13.2884840965271,0.59721,0.41941,0.03647
0,13.311977863311768,0.63824,0.28265,-0.01368
0,13.336192846298218,-1.03941,-0.73397,-0.29176
0,13.36286997795105,-0.22794,-0.775,-1.00294
0,13.379847764968872,0.92088,0.58353,0.40118
0,13.394388914108276,0.91632,0.60632,0.29632
0,13.424120903015137,0.45132,1.18074,1.03029
0,13.453439950942993,0.04103,-0.37838,-1.0075
0,13.470192909240723,0.04103,-0.37838,-1.0075
0,13.498703956604004,0.05471,0.03647,0.02279
0,13.51453685760498,0.03191,0.03191,0.0775
0,13.553980827331543,0.01368,0.01368,0.00912
0,13.559622049331665,0.03191,0.01824,0.04103
0,13.588680744171143,0.01824,0.03647,-0.00456
0,13.608582019805908,0.02279,0.03647,0.0
0,13.635493040084839,0.02279,0.0,0.02279
0,13.649841785430908,-0.00912,-0.01368,0.01368
0,13.678496837615967,0.00456,0.01824,0.01824
0,13.694993019104004,0.00456,0.01824,0.01824
0,13.724500894546509,0.01824,0.01824,0.01368
0,13.75442385673523,0.00456,0.00456,0.03647
0,13.773099899291992,0.00456,0.00456,0.03647
0,13.798828840255737,0.01824,0.01368,0.01368
0,13.814534902572632,0.05471,0.01368,0.04103
0,13.854820013046265,0.0,0.00912,0.0
0,13.859447002410889,0.00912,0.00912,0.00456
0,13.88902997970581,0.02279,0.0,0.02279
0,13.909138917922974,0.02735,0.01824,0.00456
0,13.933677911758423,0.00912,0.01824,0.00456
0,13.94993782043457,0.00912,0.0,0.00912
0,13.989121913909912,0.00456,0.00456,0.01368
0,14.01313304901123,0.0,0.00912,0.0
0,14.02448296546936,0.00912,0.0,0.01824
0,14.053509950637817,0.00456,-0.01368,0.01824
0,14.069602012634277,0.00912,0.01368,0.0
0,14.101070880889893,0.0,-0.00456,-0.00456
0,14.128544807434082,0.02735,0.00456,-0.00456
0,14.150312900543213,0.00456,0.02279,0.00456
0,14.159409761428833,0.01824,0.01824,0.00912
0,14.188445806503296,0.01824,0.03191,0.00912
0,14.20452094078064,0.0,0.00912,0.01368
0,14.237890005111694,0.00912,0.00912,-0.00456
0,14.263588905334473,0.01824,0.02279,0.0
0,14.287673950195312,0.0,0.02279,0.00912
0,14.315765857696533,0.01368,0.00912,0.03191
0,14.324420928955078,0.00456,0.00912,0.0
0,14.353567838668823,0.01824,0.01824,0.00912
0,14.37429690361023,0.0,0.01824,0.02279
0,14.399801969528198,0.00912,0.00456,0.05471
0,14.423973083496094,0.01368,0.0,0.0
0,14.45149302482605,0.03647,0.00456,0.02735
0,14.46004605293274,0.01368,-0.00912,-0.00912
0,14.488614082336426,-0.00456,0.00912,0.0
0,14.51033902168274,0.01824,0.01368,0.00456
0,14.537472009658813,0.01824,0.01368,0.01368
0,14.564050912857056,0.02279,0.00456,0.01824
0,14.590488910675049,0.0,0.00456,0.00912
0,14.608447790145874,0.02279,0.00912,0.00912
0,14.624796867370605,0.01824,-0.01368,0.00912
0,14.653475999832153,0.01824,0.01824,0.00456
0,14.67564582824707,0.01824,0.01824,0.00456
0,14.700320959091187,0.0,0.0,0.0
0,14.726707935333252,0.00912,0.01824,0.01824
0,14.74344277381897,0.00456,0.0,0.01824
0,14.75958800315857,0.04559,0.0,0.00456
0,14.788537979125977,0.00912,0.00456,-0.00456
0,14.812433004379272,0.00912,0.00456,-0.00456
0,14.836858034133911,0.01368,0.00912,0.00912
0,14.864048719406128,0.03647,0.01824,0.00456
0,14.879424810409546,0.00456,0.01368,-0.00456
0,14.922436952590942,0.0,0.0,0.01824
0,14.948848009109497,0.01824,0.01824,0.03647
0,14.954800844192505,0.01368,0.0,0.02279
0,14.974844932556152,0.01368,0.0,0.02279
0,15.002373933792114,0.00456,-0.01368,-0.00912
0,15.014883995056152,0.01368,-0.00456,0.02735
0,15.043532848358154,0.00456,0.00456,0.0
0,15.060204029083252,0.03647,0.01824,0.02279
0,15.08937692642212,0.01824,0.02279,0.01368
0,15.111165761947632,0.0,0.00912,0.00912
0,15.138684749603271,0.01824,0.0,0.00456
0,15.164415836334229,0.01368,0.00456,-0.00456
0,15.179466962814331,0.00456,0.00912,0.00912
0,15.219260931015015,0.01824,0.01824,0.00456
0,15.224983930587769,0.02279,0.00456,-0.00456
0,15.25393295288086,-0.00456,-0.00456,-0.01368
0,15.27499794960022,0.01368,0.01824,0.00456
0,15.298444032669067,0.0,0.00912,0.01824
0,15.314491748809814,0.00456,0.01368,0.04103
0,15.35612678527832,0.03191,0.0,0.00456
0,15.360690832138062,-0.01368,0.00912,0.00912
0,15.433514833450317,0.00456,0.01368,-0.00912
0,15.449805974960327,0.01368,0.00456,0.01824
0,15.465004920959473,0.01368,0.00456,0.01824
0,15.491156816482544,0.00912,0.0,0.02279
0,15.496824026107788,-0.00912,-0.00912,0.0
0,15.517427921295166,0.01824,0.00456,0.0
0,15.524730920791626,0.00456,-0.00912,0.00912
0,15.553754091262817,0.00456,0.00912,-0.00456
0,15.569584131240845,0.00456,0.00912,-0.00456
0,15.606900930404663,0.00912,0.01368,0.01368
0,15.614759922027588,0.0,0.00912,0.00912
0,15.65463900566101,0.01368,0.0,0.03191
0,15.659560918807983,0.01368,0.00456,0.0
0,15.696847915649414,0.01824,0.01824,0.04103
0,15.718497037887573,-0.00912,0.0,0.00912
0,15.734601974487305,-0.01368,0.01368,0.01368
0,15.76540207862854,0.01368,0.01368,0.00456
0,15.781808137893677,0.01368,0.01368,0.00456
0,15.809582948684692,0.00912,0.04559,0.01368
0,15.831620931625366,0.00912,0.04559,0.01368
0,15.853466987609863,0.00456,-0.00456,0.00456
0,15.869504928588867,0.01368,0.01824,0.00456
0,15.898695945739746,0.0,0.02279,0.00912
0,15.915892839431763,0.04559,0.04103,0.03647
0,15.943890810012817,0.01824,-0.00456,0.01368
0,15.988603830337524,0.00912,0.01824,0.00456
0,16.004385948181152,0.00456,0.00456,0.0
0,16.02005910873413,0.0,0.03647,0.00912
0,16.04607892036438,0.00456,-0.00456,-0.00456
0,16.069036960601807,0.01368,0.0,0.00456
0,16.080614805221558,0.01368,0.04559,0.00912
0,16.10853385925293,0.00912,0.0,0.01368
0,16.124505043029785,0.0,-0.00912,0.00912
0,16.156603813171387,0.00912,0.00912,0.00456
0,16.1694917678833,0.01368,0.01368,0.01824
0,16.204567909240723,0.01368,0.01368,-0.00912
0,16.214741945266724,0.02279,0.00456,-0.00456
0,16.243443965911865,0.01368,0.00456,0.00912
0,16.25953197479248,0.01368,-0.00456,0.0
0,16.28878688812256,0.00912,0.01824,0.02279
0,16.319695949554443,0.0,0.01824,0.00456
0,16.33639907836914,0.00912,0.00912,0.01368
0,16.365705966949463,0.02279,0.0,0.00912
0,16.37982988357544,-0.00456,0.01368,0.01824
0,16.41997194290161,0.00456,0.00912,0.01368
0,16.424892902374268,0.0,0.0,0.00456
0,16.45350480079651,0.0,0.0,0.00912
0,16.470629930496216,0.00456,0.0,0.00456
0,16.498640060424805,0.00456,0.00456,0.00456
0,16.514559984207153,0.00456,0.02279,0.05471
0,16.555248022079468,0.0,0.00456,0.01824
0,16.582358837127686,0.01368,0.00912,0.02279
0,16.589736938476562,0.01824,0.0,0.01368
0,16.629958152770996,0.0,-0.00912,0.00912
0,16.63445281982422,0.01824,0.00912,0.01824
0,16.664071798324585,0.00456,0.00912,0.00912
0,16.6956729888916,0.01824,0.0,0.01824
0,16.717498064041138,0.01824,0.0,0.01824
0,16.72488498687744,-0.00456,0.01368,0.03191
0,16.76387882232666,0.01824,0.00456,0.0
0,16.769810914993286,0.0,0.01368,0.00456
0,16.798674821853638,0.00912,0.02279,0.01368
0,16.82863688468933,0.00456,0.00456,0.01824
0,16.84976291656494,0.0,0.00456,0.02279
0,16.874268770217896,0.01368,0.00912,0.0
0,16.900555849075317,0.00456,0.01824,0.01368
0,16.918527841567993,0.0,0.00912,0.01368
0,16.934967041015625,-0.00912,0.0,-0.00912
0,16.96401286125183,0.00456,-0.00456,-0.01368
0,16.985830783843994,0.0,0.00912,0.00456
0,17.039047718048096,0.0,-0.00912,0.00456
0,17.05460500717163,0.00912,0.0,0.00456
0,17.069595098495483,0.00456,0.01368,0.0
0,17.07216501235962,0.00456,0.01368,0.0
0,17.09884476661682,0.00456,0.0,0.00912
0,17.138880968093872,0.00912,0.01824,0.01824
0,17.144924879074097,-0.00912,0.00456,0.00912
0,17.174420833587646,0.0,0.00912,0.01368
0,17.189549922943115,0.00912,-0.02279,0.00912
0,17.223849773406982,-0.00456,-0.01368,-0.00456
0,17.23519992828369,0.00912,0.01824,0.02735
0,17.278116941452026,0.01368,0.01368,0.00456
0,17.28282904624939,0.01368,0.02279,0.0
0,17.30956196784973,0.01368,0.00912,0.00912
0,17.327594995498657,0.00456,0.00456,-0.00456
0,17.353494882583618,0.01824,0.01824,0.01824
0,17.39189600944519,0.00912,0.00912,0.02279
0,17.399869918823242,-0.00456,0.0,0.00912
0,17.441361904144287,0.00912,0.03191,-0.00912
0,17.44447684288025,0.0,0.01824,0.0
0,17.474422931671143,-0.00456,0.00912,-0.00456
0,17.489573001861572,0.0,0.00456,-0.01824
0,17.52890682220459,0.01368,0.0,0.01368
0,17.53493905067444,0.01368,0.00912,-0.00912
0,17.577701091766357,0.00456,0.00912,0.01368
0,17.580309867858887,-0.00456,0.01824,0.01368
0,17.60858988761902,-0.00912,0.00456,0.01368
0,17.624563932418823,-0.00912,0.00456,0.00456
0,17.666741847991943,-0.00912,0.00912,-0.00912
0,17.693232774734497,0.00456,0.0,0.00456
0,17.69951891899109,0.0,0.01824,0.00912
0,17.728617906570435,0.0,0.00912,-0.01368
0,17.765704870224,0.0,0.00912,-0.01368
0,17.77400493621826,-0.00456,0.01368,0.01368
0,17.789530038833618,0.01824,0.02735,-0.00456
0,17.818633794784546,0.00912,0.04103,0.00912
0,17.836336135864258,0.00912,0.04103,0.00912
0,17.86486291885376,-0.00912,0.01368,0.0
0,17.894429922103882,-0.01368,0.01824,0.0
0,17.911683082580566,-0.01368,0.01824,0.0
0,17.938750982284546,-0.00456,0.00912,0.00456
0,17.971526861190796,0.00912,0.00456,0.01368
0,17.984473943710327,0.00912,0.0,-0.00456
0,18.000465869903564,0.01824,0.00456,0.02279
0,18.028928995132446,0.0,0.03647,0.01368
0,18.04823088645935,0.00456,0.00456,0.00912
0,18.074636936187744,0.00456,0.00456,0.00456
0,18.11935305595398,0.00456,0.00456,0.00912
0,18.135434865951538,0.00456,0.00456,0.00912
0,18.159111738204956,0.00912,0.01824,0.02279
0,18.164533853530884,0.00912,0.00456,-0.00456
0,18.19472599029541,0.01368,0.02279,0.0
0,18.209986925125122,0.03191,0.00456,0.00456
0,18.25150775909424,0.01824,0.0,0.00456
0,18.25467300415039,0.02279,0.01368,0.00912
0,18.28396487236023,0.00456,0.0,0.01824
0,18.30160403251648,0.00456,0.0,0.01824
0,18.32881784439087,-0.00456,0.0,-0.00456
0,18.344603776931763,0.0,0.01368,0.00912
0,18.3869149684906,0.01368,0.04103,0.01368
0,18.389843940734863,-0.00912,-0.00912,0.0
0,18.418800115585327,0.01368,-0.00912,0.0
0,18.45008397102356,0.01368,0.0,0.0
0,18.46719002723694,-0.00456,-0.00456,0.05015
0,18.493563890457153,0.01368,0.04559,0.00912
0,18.50962495803833,0.03647,0.02279,0.02279
0,18.551068782806396,0.01368,0.03647,-0.00456
0,18.5557119846344,-0.67015,-1.37221,-0.13221
0,18.583881855010986,0.60176,1.19441,0.82515
0,18.604606866836548,0.01368,0.02279,0.02735
0,18.628570079803467,-0.23706,-1.1625,-0.73853
0,18.644537925720215,0.43765,1.6275,0.02735
0,18.67450785636902,-0.00912,0.0,-0.07294
0,18.714090824127197,0.10941,0.60176,0.30088
0,18.720057010650635,0.00456,0.03647,0.05926
0,18.749474048614502,-2.26574,-0.00912,-0.86162
0,18.764868021011353,1.41324,0.35559,2.62132
0,18.793484926223755,3.06809,3.03162,2.90853
0,18.81445288658142,0.02735,0.04559,0.04559
0,18.84136390686035,0.87529,1.30382,1.085
0,18.865985870361328,-0.40574,0.04103,0.04103
0,18.8925199508667,0.87985,0.37838,-0.04559
0,18.91352891921997,0.81147,0.86618,0.3875
0,18.92955780029297,-0.81603,-0.95279,-0.49235
0,18.959290981292725,-0.09118,-0.82971,-0.66103
0,18.97946786880493,-0.09118,-0.82971,-0.66103
0,19.004683017730713,0.44676,0.80235,0.95735
0,19.027085065841675,0.16868,0.50603,0.96191
0,19.048943042755127,0.75221,0.53338,0.90265
0,19.065810918807983,-0.58353,-0.36015,-0.75676
0,19.09406590461731,-0.775,-0.36471,-0.25074
0,19.123694896697998,-0.92088,-0.59265,-0.30088
0,19.143582820892334,-1.18074,-0.76132,-0.27353
0,19.170982837677002,1.17162,1.07132,0.72029
0,19.184556007385254,-0.98926,-0.92088,-0.51515
0,19.213847875595093,-0.69294,-1.15794,-0.89353
0,19.261623859405518,0.01824,-0.95735,-0.93456
0,19.286741971969604,0.01368,0.79779,1.03029
0,19.289751052856445,0.04103,-0.66103,-0.90721
0,19.316361904144287,0.03647,0.36471,1.03029
0,19.319570779800415,0.04559,-0.57897,-1.1625
0,19.35001802444458,0.03647,0.04103,-0.70206
0,19.38013792037964,0.05926,0.04559,0.13676
0,19.403928995132446,0.05015,0.03647,0.04103
0,19.428427934646606,0.04103,-0.00456,0.03191
0,19.43952202796936,0.05015,0.05471,0.03647
0,19.468610048294067,0.04103,0.05471,0.03647
0,19.484622955322266,-0.06838,0.03647,0.03191
0,19.515756845474243,-0.12765,0.05015,0.05015
0,19.53934407234192,0.41485,0.03191,0.03191
0,19.56416392326355,0.25529,-0.01824,0.03191
0,19.5745849609375,-0.72029,-0.40118,0.06838
0,19.603819847106934,-0.61544,-0.09118,0.12765
0,19.619631052017212,0.73853,0.25074,0.00456
0,19.65771484375,0.95735,0.65191,0.28265
0,19.68428373336792,0.99382,0.71574,0.19147
0,19.694483757019043,-1.03029,-1.15794,-0.78868
0,19.73463487625122,-0.63824,-0.98015,-0.57441
0,19.74052095413208,-0.36471,-1.01206,-0.92088
0,19.768593788146973,0.07294,0.84338,1.02118
0,19.795611143112183,0.51059,0.48324,0.97559
0,19.82248592376709,0.37382,0.16868,0.97559
0,19.829499006271362,-0.88897,-0.45132,-0.45588
0,19.85899782180786,-0.81147,-0.40118,-0.08662
0,19.888619899749756,1.11691,0.82515,0.42397
0,19.904603004455566,0.96647,0.83426,0.49235
0,19.934769868850708,0.82059,0.92544,0.50147
0,19.96171283721924,-0.59265,-1.16706,-0.8525
0,19.981282949447632,0.03647,-0.98471,-1.03485
0,19.99475598335266,0.02279,-0.58353,-1.02574
0,20.02358078956604,0.04559,-0.03647,0.91632
0,20.039798974990845,0.05471,0.04103,0.72485
0,20.072245836257935,0.05471,0.01824,0.06382
0,20.084378957748413,0.04103,0.04559,0.04103
0,20.122743844985962,0.03647,0.00456,0.03191
0,20.12958288192749,0.01824,0.01824,0.03647
0,20.173887968063354,0.155,0.04559,0.04559
0,20.176998138427734,0.155,0.04559,0.04559
0,20.209275007247925,0.42397,0.01368,0.02735
0,20.235744953155518,-0.12309,0.11397,0.04103
0,20.260785818099976,0.60632,0.25985,0.03647
0,20.288557052612305,0.72485,0.2325,0.0
0,20.294630765914917,0.89353,0.40118,0.03647
0,20.323683977127075,-0.86162,-0.65647,-0.31912
0,20.349514961242676,-0.94824,-0.93912,-0.45588
0,20.37636971473694,-0.48324,-1.16706,-0.91632
0,20.384834051132202,0.17324,0.93456,0.82059
0,20.426974773406982,0.64735,0.60632,1.09412
0,20.429950952529907,0.64735,0.60632,1.09412
0,20.458980083465576,-1.03941,-0.68838,-0.46956
0,20.48892903327942,0.95735,0.55618,0.19603
0,20.513856887817383,1.10779,0.83882,0.40118
0,20.538191080093384,1.0075,1.03029,0.72029
0,20.549940824508667,0.24618,1.03029,0.84338
0,20.578566789627075,0.04103,-0.71574,-1.18074
0,20.594684839248657,0.03647,0.03191,-1.05765
0,20.624454021453857,0.03647,0.01368,-0.86618
0,20.651142835617065,0.04103,0.04103,0.04103
0,20.675217151641846,0.03191,0.01368,0.03191
0,20.684795141220093,0.04559,0.03647,0.02735
0,20.713671922683716,0.04559,0.04103,0.02735
0,20.743633031845093,-0.05926,0.04103,0.05015
0,20.759989976882935,0.08662,-0.09118,0.03191
0,20.808169841766357,0.49691,0.00456,-0.16868
0,20.820210933685303,-1.16706,-0.70206,-0.39206
0,20.83852791786194,0.90721,0.53794,0.30088
0,20.84994602203369,-0.98471,-0.65647,-0.12765
0,20.879676818847656,0.89809,1.03029,0.67015
0,20.89805579185486,0.89809,1.03029,0.67015
0,20.924983024597168,0.35559,0.73397,0.84794
0,20.950636863708496,0.28265,0.08662,0.87985
0,20.979217767715454,-0.94368,-0.49691,-0.42853
0,20.998630046844482,0.84794,0.53794,0.26441
0,21.014548778533936,0.95735,0.54706,0.12765
0,21.044450998306274,-0.52426,-0.97103,-0.80691
0,21.06625771522522,-0.52426,-0.97103,-0.80691
0,21.08942198753357,0.04103,-0.93,-1.15794
0,21.115635871887207,0.04559,-0.5425,-1.01662
0,21.133958101272583,0.04559,0.04103,-0.00456
0,21.150010108947754,0.02735,0.00912,0.03191
0,21.17890691757202,0.04559,0.05015,0.05015
0,21.20030188560486,0.02735,0.01824,0.03191
0,21.248607873916626,-0.25529,0.02735,0.03191
0,21.255411863327026,0.43765,-0.00912,-0.05015
0,21.269638776779175,-0.55162,-0.13221,0.10485
0,21.284587860107422,-1.02118,-0.62912,-0.37382
0,21.31418490409851,-0.98471,-0.72029,-0.18235
0,21.34370183944702,0.3875,1.08956,0.94368
0,21.362780809402466,0.05015,0.95735,0.92088
0,21.391222953796387,0.53794,0.11397,1.06221
0,21.404539108276367,-0.69294,-0.21426,-0.25074
0,21.43387794494629,-0.83882,-0.57441,-0.36471
0,21.450398921966553,-0.83882,-0.57441,-0.36471
0,21.4786159992218,1.11691,0.87985,0.40118
0,21.503063917160034,0.05926,0.87074,0.76588
0,21.53019380569458,0.03647,-0.67471,-1.04397
0,21.539593935012817,0.01368,-0.12765,-1.16706
0,21.56857395172119,0.04559,0.04103,-0.26897
0,21.598612785339355,0.04103,0.03191,0.05471
0,21.61511492729187,0.03647,0.05015,0.02279
0,21.644726991653442,0.11853,0.05471,0.04103
0,21.667829990386963,0.15044,0.05015,0.05471
0,21.68864607810974,0.55618,0.43309,0.03191
0,21.704657077789307,0.47868,0.14588,0.03647
0,21.735235929489136,0.94824,0.60632,0.29632
0,21.754513025283813,0.94824,0.60632,0.29632
0,21.779823064804077,-0.90721,-0.96191,-0.44221
0,21.823877096176147,0.46044,0.42397,0.95735
0,21.826353788375854,0.46044,0.42397,0.95735
0,21.869825839996338,0.88441,0.44676,0.18691
0,21.888956785202026,0.88441,0.44676,0.18691
0,21.899846076965332,-0.98471,-0.72941,-0.41941
0,21.91697096824646,-0.98471,-0.72941,-0.41941
0,21.943980932235718,-0.86618,-1.02118,-0.65191
0,21.959636926651,0.00456,0.83882,0.96647
0,22.001279830932617,0.04103,0.04103,-0.03191
0,22.031030893325806,0.02279,0.04103,0.03647
0,22.035339832305908,0.05471,0.04559,0.04559
0,22.057365894317627,0.03647,0.03647,0.05015
0,22.084408044815063,0.155,0.04103,0.05471
0,22.09475803375244,-0.18691,0.10941,0.06382
0,22.124078035354614,-0.74765,-0.25529,0.10941
0,22.153595685958862,0.93456,0.55162,0.19147
0,22.176069021224976,0.99382,0.72485,0.24162
0,22.19865107536316,0.15044,0.84338,0.82059
0,22.22439193725586,-0.08206,-0.45132,-0.78868
0,22.243687868118286,-0.73853,-0.43765,-0.43765
0,22.281970739364624,1.20353,1.06676,0.64735
0,22.289532899856567,-1.02118,-1.16706,-0.80235
0,22.311582803726196,0.59265,0.98015,0.74309
0,22.337455987930298,0.04103,0.61544,1.11235
0,22.34980869293213,0.05015,0.03191,-0.43765
0,22.378652811050415,0.00912,0.04103,0.02735
0,22.394641876220703,0.03191,0.03647,0.04103
0,22.42375683784485,-0.32368,0.05926,0.03191
0,22.45481276512146,-0.25074,0.14132,0.05471
0,22.473142862319946,-0.25074,0.14132,0.05471
0,22.5001540184021,0.97103,0.57897,0.36015
0,22.51473879814148,0.89809,0.78412,0.30088
0,22.543680906295776,0.10485,0.93912,0.91176
0,22.55988597869873,0.10485,0.93912,0.91176
0,22.607322931289673,-0.84338,-0.41029,-0.0775
0,22.610733032226562,1.03029,0.67471,0.22338
0,22.636603832244873,0.67471,1.25823,1.01206
0,22.649882078170776,-1.09868,-0.74765,0.04559
0,22.678683042526245,-0.88897,-1.37221,-1.05765
0,22.695350885391235,0.0775,0.04103,0.05926
0,22.725114107131958,-1.38132,-1.22176,-1.33574
0,22.74533700942993,-1.38132,-1.22176,-1.33574
0,22.77244472503662,1.91926,1.74147,-0.00456
0,22.799031972885132,-2.99971,-3.51941,-3.45559
0,22.81461501121521,-3.92971,-3.83397,-3.70632
0,22.860728979110718,5.45235,5.44779,5.50706
0,22.880377054214478,0.06838,0.06838,0.06382
0,22.890150785446167,6.76074,6.76074,6.76074
0,22.91028904914856,-6.975,-6.975,-6.975
0,22.93413805961609,0.0,0.0,0.0
0,22.949996948242188,6.78353,6.78353,6.78353
0,22.97877597808838,-0.13221,-0.13677,-0.13221
0,23.016427993774414,-0.00456,-0.02279,-0.03191
0,23.0255389213562,-0.04103,0.0,-0.00912
0,23.101638078689575,-1.46794,-1.20809,-0.76132
0,23.128039836883545,1.59103,1.33118,1.21265
0,23.132905960083008,-0.71118,-1.34029,-1.32206
0,23.135920763015747,-0.71118,-1.34029,-1.32206
0,23.157481908798218,0.66559,0.36926,0.0
0,23.16058111190796,0.66559,0.36926,0.0
0,23.203718900680542,0.35559,0.98471,0.83882
0,23.21969509124756,-0.62,-0.59721,-1.15794
0,23.24252676963806,-0.62,-0.59721,-1.15794
0,23.27071189880371,-0.42853,-1.16706,-0.95279
0,23.292471885681152,-0.36471,-0.04559,0.05471
0,23.32432508468628,0.72485,0.10485,1.1625
0,23.339693069458008,-1.28559,-0.86618,0.08662
0,23.3550808429718,0.00912,1.63662,1.89647
0,23.377606868743896,1.22176,-0.00456,0.01824
0,23.403048753738403,0.02279,0.01824,0.02735
0,23.426894903182983,3.66529,3.87956,3.85221
0,23.453980922698975,0.05471,0.05926,0.05015
0,23.45957088470459,-5.70765,0.05926,0.0775
0,23.488711833953857,-6.98412,-6.98412,-5.83529
0,23.518993139266968,-6.97956,-6.97956,-6.97956
0,23.542979955673218,6.77441,6.77441,4.67735
0,23.569106817245483,6.78353,6.78353,6.78353
0,23.579548835754395,-6.96132,-6.98412,-6.98412
0,23.608603715896606,-6.10882,-6.17265,-0.37382
0,23.625025987625122,0.0,-2.85382,-5.21529
0,23.658191919326782,5.48882,0.0,0.0
0,23.670177936553955,4.97824,5.25176,5.32471
0,23.709810733795166,0.0775,0.06382,0.07294
0,23.715701818466187,-5.67118,-5.94926,-6.01309
0,23.744297981262207,-5.90824,-6.50088,-6.73794
0,23.773603916168213,5.59368,6.77897,6.77897
0,23.798909902572632,-6.97956,-6.97956,-6.97956
0,23.825774908065796,-6.975,-6.975,-6.975
0,23.83532190322876,-6.98412,-6.98412,-6.98412
0,23.87703275680542,0.0,0.0,0.0
0,23.879987955093384,0.0,0.0,0.0
0,23.90866494178772,6.77897,6.77897,6.77897
0,23.938199996948242,-6.98412,-6.98412,-6.98412
0,23.96541690826416,-4.96456,-4.73662,-4.70471
0,23.97106695175171,-4.44029,-4.21691,0.0
0,23.999724864959717,0.0,0.0,0.0
0,24.020293951034546,0.0,0.0,0.0
0,24.043781995773315,0.0,0.0,0.0
0,24.07915687561035,-4.49044,-7.21206,-7.21206
0,24.09039306640625,-0.42853,-0.42397,-0.41941
0,24.129917860031128,-5.25632,-5.08765,-5.03294
0,24.13462996482849,0.0,0.0,0.0
0,24.163876056671143,-0.40574,-0.40118,-0.40574
0,24.179683923721313,-6.97956,-6.97956,-6.97956
0,24.21731400489807,-13.75853,-13.75853,-13.75853
0,24.2252299785614,-13.75853,-13.75853,-13.75853
0,24.268336057662964,-5.83985,-6.975,-6.975
0,24.27174186706543,-0.49235,-0.47868,-0.48779
0,24.299022912979126,-4.15309,0.0,0.0
0,24.328749895095825,0.0,-7.31235,-7.32147
0,24.34497880935669,-4.21235,-3.95706,-3.75191
0,24.38347578048706,0.0,-7.36706,-7.34882
0,24.389605045318604,-6.97956,-6.97956,-6.97956
0,24.419002056121826,0.0,0.0,0.0
0,24.437585830688477,-6.97956,-6.97956,-6.97956
0,24.463738918304443,0.0,0.0,0.0
0,24.47966694831848,-6.97956,-6.97956,-6.97956
0,24.51771306991577,-6.975,-6.975,-6.975
0,24.524789810180664,-0.61088,-0.61088,-0.60632
0,24.55403995513916,-4.12118,-6.975,-6.975
0,24.583155870437622,0.0,0.0,0.0
0,24.598676919937134,-4.06191,-6.975,-6.975
0,24.62863302230835,-13.75853,-13.75853,-9.66015
0,24.645384788513184,-6.975,-6.975,-6.975
0,24.674011707305908,0.0,0.0,0.0
0,24.69093084335327,0.0,0.0,0.0
0,24.71883988380432,-9.88809,-6.96132,-5.89912
0,24.73472499847412,-13.75853,-11.67971,-7.09809
0,24.774636030197144,-13.75853,-10.88191,-7.03882
0,24.780893802642822,-5.76235,-5.43868,-5.35206
0,24.809046030044556,6.77897,6.77897,6.77897
0,24.824944019317627,6.77897,6.77897,6.77897
0,24.85457491874695,-7.18927,-7.18471,-7.18927
0,24.88466501235962,-7.18927,-7.2075,-7.19382
0,24.908246994018555,0.0,0.0,-7.20294
0,24.933115005493164,0.0,0.0,0.0
0,24.956942081451416,6.77897,6.77897,6.77897
0,24.984479904174805,-5.68941,-5.26544,-4.99191
0,24.99071979522705,0.63368,0.98926,1.29015
0,25.019062995910645,-5.30647,-4.98279,-4.86882
0,25.042796850204468,-5.10588,-4.89618,-4.79588
0,25.068991899490356,-5.18338,0.0,0.0
0,25.07959008216858,0.0,0.0,0.0
0,25.120134115219116,0.0,-7.16647,-7.15279
0,25.138724088668823,-6.975,-6.975,-6.975
0,25.155083894729614,-13.75853,-13.75853,-13.75853
0,25.184481859207153,-6.09059,-5.45235,-5.24721
0,25.202299118041992,0.0,0.0,0.0
0,25.228691816329956,-0.36471,-0.35103,-0.36471
0,25.25263500213623,-0.36471,-0.35103,-0.36471
0,25.27370595932007,-5.32927,-5.20162,-2.74897
0,25.28963875770569,0.0,0.0,0.0
0,25.318641901016235,-6.98412,-6.98412,-6.98412
0,25.357851028442383,-5.83529,-5.63015,-5.58
0,25.365129947662354,0.0,0.0,0.0
0,25.39469003677368,-13.75853,-13.75853,-10.52632
0,25.42372989654541,-0.31912,-0.32368,-0.32368
0,25.444394826889038,-0.31912,-0.32368,-0.32368
0,25.455551862716675,0.21426,0.85706,1.08044
0,25.495553970336914,-0.31456,-0.32368,-0.62
0,25.499626874923706,-6.97956,-6.97956,-6.97956
0,25.529026985168457,0.0,0.0,-7.07529
0,25.5447359085083,-0.72941,-6.98412,-6.98412
0,25.58281111717224,0.0,0.0,0.0
0,25.609771966934204,-6.98412,-6.98412,-6.98412
0,25.619622707366943,-0.28265,-0.28265,-0.28265
0,25.655844926834106,0.0,0.0,0.0
0,25.664735794067383,-0.26897,-0.26441,-0.25529
0,25.69371199607849,6.77897,6.77897,6.77897
0,25.720547914505005,-5.93559,-6.97956,-6.97956
0,25.748292922973633,-2.325,-6.98412,-6.98412
0,25.755216121673584,0.0,0.0,-7.02971
0,25.784162998199463,-6.94309,-6.85191,-6.87015
0,25.80500292778015,-0.23706,-0.24162,-0.24618
0,25.828672885894775,-8.06456,-6.84279,-6.82456
0,25.844690799713135,-0.20515,-0.20971,-6.97956
0,25.874199867248535,-0.20515,-6.98868,-6.98868
0,25.903658866882324,0.0,0.0,0.0
0,25.91969084739685,-0.18691,-0.17779,-0.18235
0,25.94929790496826,0.0,0.0,0.0
0,25.96474003791809,6.77897,6.77897,-0.18691
0,26.003699779510498,0.0,0.0,0.0
0,26.010013818740845,6.77897,-0.16868,-0.16412
0,26.03881287574768,0.0,0.0,0.0
0,26.056379079818726,0.0,0.0,0.0
0,26.08475089073181,-6.97956,-6.97956,-6.97956
0,26.09964680671692,0.00456,0.01368,6.77441
0,26.1286678314209,-6.97956,-6.97956,-6.97956
0,26.166810989379883,-6.975,-6.975,-6.975
0,26.17567491531372,6.77897,6.77897,6.77897
0,26.216675996780396,0.04103,0.04559,0.05015
0,26.219820022583008,-6.97956,-6.97956,-6.97956
0,26.248718976974487,6.77441,6.77441,6.77441
0,26.276049852371216,6.77441,6.77441,6.77441
0,26.302482843399048,6.43706,6.78353,6.78353
0,26.310003757476807,-0.01824,-1.44059,-6.29574
0,26.338671922683716,-5.68029,-5.73044,0.06382
0,26.369005918502808,0.05015,0.04559,3.50574
0,26.384758949279785,-3.47382,-3.54221,-3.45559
0,26.41454291343689,-2.85382,-2.74441,-1.99221
0,26.437265872955322,1.93294,0.0,0.01824
0,26.486160039901733,-1.26279,-0.8525,-0.48779
0,26.48971390724182,0.01368,-0.01824,-0.07294
0,26.504782915115356,-0.01368,-0.00912,0.02735
0,26.51973605155945,-0.00456,0.00456,-0.00912
0,26.54921579360962,0.01368,0.00912,0.01368
0,26.569228887557983,0.04559,0.02279,0.03191
0,26.597989082336426,0.05926,0.02279,0.03191
0,26.609890937805176,0.01824,0.01824,0.01824
0,26.638646841049194,-0.00912,-0.00912,-0.00912
0,26.669563055038452,0.01368,-0.00456,0.04103
0,26.68638300895691,0.00456,-0.00456,0.00456
0,26.714648962020874,-0.00456,0.00456,-0.00912
0,26.748533964157104,-0.00456,0.00456,-0.00912
0,26.758718967437744,-0.00456,-0.00456,-0.00912
0,26.778702974319458,0.02279,-0.00912,-0.00912
0,26.80401086807251,0.01368,0.01368,0.01368
0,26.820148944854736,0.0,0.00912,0.01824
0,26.855264902114868,-0.01824,0.0,0.0
0,26.865068912506104,0.01368,0.02279,0.02279
0,26.894028902053833,0.03191,0.00456,0.01824
0,26.938737869262695,-0.00912,-0.00912,0.03647
0,26.964464902877808,0.02735,0.0,0.03647
0,26.969969749450684,0.00912,-0.00456,-0.00456
0,26.99267292022705,0.00912,-0.00456,-0.00456
0,27.01572871208191,0.01368,0.01824,-0.00456
0,27.042083024978638,0.01824,0.00912,0.0
0,27.058788061141968,0.04103,0.00912,0.01824
0,27.074792861938477,-0.00456,-0.03647,-0.00912
0,27.10376286506653,0.00456,0.00456,-0.00456
0,27.122135877609253,0.00456,0.00456,-0.00456
0,27.149051904678345,0.00912,0.0,0.00912
0,27.175814151763916,0.0,-0.00912,0.00912
0,27.195162057876587,0.00456,0.00912,0.01368
0,27.23224902153015,0.00456,0.03647,0.0
0,27.23957395553589,-0.00456,0.00456,0.00456
0,27.279700994491577,0.02279,0.00912,0.00456
0,27.285691022872925,0.03191,0.00912,0.00912
0,27.314044713974,0.00912,0.00912,0.00456
0,27.32976508140564,0.01824,0.00456,0.00912
0,27.367099046707153,0.0,0.01368,0.0
0,27.37528896331787,-0.00456,-0.00456,0.00456
0,27.414424896240234,0.00912,-0.00912,-0.00912
0,27.440415859222412,0.01824,0.00912,0.04103
0,27.44957399368286,0.00912,0.0,-0.00912
0,27.46485710144043,0.01824,0.00912,0.03647
0,27.52574586868286,0.00456,0.0,0.00912
0,27.529977083206177,0.00456,0.0,0.00912
0,27.54648184776306,0.01824,0.02735,0.00912
0,27.572662830352783,0.00456,0.00912,0.01824
0,27.58459997177124,-0.00456,0.0,0.01368
0,27.61372208595276,0.01824,0.01824,0.0
0,27.630993843078613,0.01824,0.01824,0.0
0,27.65890407562256,0.00912,-0.00912,0.0
0,27.6779727935791,0.00912,-0.00912,0.0
0,27.71880292892456,-0.00456,0.00456,0.00912
0,27.734747886657715,-0.01824,0.0,0.0
0,27.761327981948853,0.0,0.01824,0.00912
0,27.794068813323975,0.01368,0.00456,0.0
0,27.81119394302368,0.02279,0.00456,0.01824
0,27.838541984558105,0.00912,0.0,0.00912
0,27.841849088668823,0.0,0.01368,-0.00456
0,27.86865496635437,0.01368,0.01824,0.00912
0,27.884780883789062,-0.00456,0.0,0.0
0,27.925312995910645,0.04103,0.00912,0.01368
0,27.929851770401,0.00912,0.01368,0.00912
0,27.95900297164917,-0.00912,0.0,-0.00912
0,27.988764762878418,0.0,-0.00912,0.00912
0,28.004746913909912,0.01368,0.0,0.01368
0,28.033835887908936,0.01368,0.00912,0.02279
0,28.05989384651184,0.0,0.0,-0.00912
0,28.082703113555908,0.00456,0.0,-0.00456
0,28.095319032669067,0.00456,-0.00456,-0.00456
0,28.124778985977173,0.00456,0.01368,0.0
0,28.139811038970947,0.00456,0.02279,0.01368
0,28.170268774032593,0.00912,0.00456,0.01824
0,28.197474002838135,-0.00456,0.00912,0.0
0,28.22253394126892,0.00912,0.00912,0.01824
0,28.249356031417847,-0.01368,0.00912,0.00456
0,28.259719848632812,0.00456,0.01824,0.00912
0,28.28876304626465,0.00912,0.01824,0.00456
0,28.30866289138794,-0.00456,0.00912,0.03191
0,28.335925817489624,0.0,0.01368,0.00456
0,28.359929084777832,0.00912,0.01368,0.01824
0,28.38857102394104,0.01368,0.00912,0.01824
0,28.39569592475891,0.00912,0.0,0.00456
0,28.42470693588257,-0.00912,-0.00912,-0.00912
0,28.446147918701172,0.01824,0.02279,0.01824
0,28.478269815444946,0.0,-0.00912,0.0
0,28.503175735473633,0.00456,-0.01368,-0.00912
0,28.514827966690063,0.01368,-0.00456,0.00456
0,28.558697938919067,0.0,0.01824,0.00456
0,28.575172901153564,0.01824,0.0,0.00912
0,28.591688871383667,0.01824,0.0,0.00912
0,28.62031102180481,0.01368,-0.00912,0.01368
0,28.64414095878601,-0.00912,0.01368,0.00456
0,28.649719953536987,0.00456,0.03191,0.00912
0,28.679017782211304,-0.00456,0.0,0.0
0,28.69574499130249,0.00456,0.01824,0.00456
0,28.732527017593384,0.01824,0.0,0.00912
0,28.757657051086426,0.00456,0.0,0.02279
0,28.78128981590271,0.02279,0.01824,0.01824
0,28.80867075920105,0.00912,0.02279,0.02279
0,28.815481901168823,-0.00456,0.00456,0.00912
0,28.843830823898315,0.00456,0.01824,0.0
0,28.865060091018677,0.00456,0.01368,-0.00456
0,28.89603877067566,0.00912,-0.00456,-0.00912
0,28.904657125473022,0.02279,0.01824,0.00456
0,28.945992946624756,0.01824,0.01368,0.00456
0,28.949851751327515,-0.00912,0.0,-0.00912
0,28.978992700576782,0.01368,0.01368,0.0
0,29.01048994064331,0.04103,0.01368,0.0
0,29.035038948059082,0.00912,0.01368,0.0
0,29.057905912399292,0.00456,0.01824,-0.00456
0,29.070446014404297,0.02279,0.00912,0.00456
0,29.09867000579834,0.01824,0.00912,0.00912
0,29.114771842956543,0.02735,0.04559,-0.00456
0,29.145932912826538,0.0,0.02279,0.00912
0,29.172433137893677,0.0,0.02735,0.0
0,29.19608187675476,0.00456,0.00456,0.00456
0,29.204800844192505,0.00456,0.02279,0.00912
0,29.233741998672485,0.04559,0.00456,0.03191
0,29.250051975250244,0.02279,0.01368,0.00912
0,29.283207893371582,0.01368,0.0,0.00912
0,29.295082807540894,0.01824,0.04103,0.01824
0,29.330991983413696,0.00456,0.01368,0.05015
0,29.35753107070923,0.01824,0.01368,0.0
0,29.369783878326416,0.01368,0.00456,0.0
0,29.39869475364685,0.00456,0.01824,0.02279
0,29.41692304611206,0.03191,0.02279,0.04559
0,29.445042848587036,0.02279,0.01368,0.0
0,29.46760392189026,-0.00912,0.00912,0.02735
0,29.49672293663025,0.00912,0.0,0.01824
0,29.504709005355835,0.00456,0.0,0.0
0,29.533755779266357,0.00912,0.00912,0.0
0,29.563857078552246,0.03647,0.00456,0.00912
0,29.58741283416748,0.03647,0.00456,0.00912
0,29.609349012374878,-0.00456,0.00912,0.02735
0,29.635760068893433,0.0,0.01824,0.01368
0,29.653758764266968,0.04103,0.00912,0.00456
0,29.669760942459106,0.02279,0.00912,-0.01368
0,29.699209928512573,0.00912,0.03191,0.0
0,29.722191095352173,0.01368,-0.00456,0.01824
0,29.7459979057312,0.00912,0.04103,0.00912
0,29.759757041931152,0.00912,0.0,0.00912
0,29.788777828216553,0.00912,0.0,0.01824
0,29.81878399848938,0.00456,0.00912,-0.01368
0,29.83578109741211,0.00912,0.01368,0.0
0,29.864293098449707,-0.00912,0.0,-0.00912
0,29.886003971099854,0.01824,0.00912,0.0
0,29.916061878204346,0.0,0.00912,0.0
0,29.92479395866394,0.01368,0.01824,0.01368
0,29.953704833984375,0.01824,0.02279,0.00912
0,29.979504823684692,0.01824,0.02279,0.00912
0,30.00733470916748,-0.00456,0.0,0.01824
0,30.01463007926941,0.0,-0.00456,-0.00456
0,30.04392910003662,0.02279,0.0,0.00912
0,30.073702812194824,-0.01824,0.00456,0.03647
0,30.08976984024048,0.02279,0.00912,0.03191
0,30.120991945266724,0.00456,0.01368,0.00912
0,30.134756088256836,0.01824,0.02279,0.0
0,30.171933889389038,0.0,0.05015,0.00912
0,30.180210828781128,0.0,0.00456,0.00456
0,30.20969009399414,0.0,0.0,0.00912
0,30.22489094734192,0.01368,0.0,0.01824
0,30.264038801193237,0.01824,0.00456,-0.01368
0,30.26980710029602,0.00456,0.0,0.00912
0,30.29870295524597,0.00912,0.02279,0.00912
0,30.31524395942688,0.00912,0.02279,0.00912
0,30.343860864639282,0.04103,0.01824,0.02279
0,30.373793840408325,0.0,0.00456,0.01368
0,30.403039932250977,0.01824,0.04103,0.00456
0,30.430392026901245,0.03191,0.00456,0.01824
0,30.43487572669983,0.03191,0.00456,0.01824
0,30.464087963104248,0.01824,0.03647,0.03191
0,30.48515796661377,0.02279,0.01368,0.00456
0,30.509089946746826,0.00912,0.00456,0.0
0,30.524731874465942,0.0,0.00912,0.02279
0,30.555575847625732,0.00456,0.01368,0.0
0,30.57498598098755,0.00456,0.01824,0.00912
0,30.599360942840576,0.04559,0.00912,0.0
0,30.628796815872192,0.0,0.00456,0.04559
0,30.644799947738647,-0.00456,0.01368,0.00456
0,30.68250584602356,0.00456,0.00456,-0.00456
0,30.68986701965332,0.03647,0.00456,-0.00456
0,30.7329158782959,0.00456,0.01368,0.00912
0,30.736474990844727,0.00456,0.01368,0.00912
0,30.77939796447754,0.0,0.0,0.01824
0,30.795122861862183,0.00912,0.0,-0.00912
0,30.81019902229309,0.01824,0.01824,0.01368
0,30.833553791046143,0.00912,0.01368,0.01368
0,30.860228061676025,0.03191,0.00912,0.01824
0,30.883782148361206,0.0,0.00456,0.0
0,30.910747051239014,-0.00456,0.00912,0.00456
0,30.929136753082275,0.01368,0.02279,0.0
0,30.94478988647461,0.0,-0.00456,0.01368
0,30.97374677658081,0.00912,0.00912,0.01368
0,30.997609853744507,0.00912,0.00912,0.01368
0,31.02082872390747,0.00912,0.00912,0.03647
0,31.048723936080933,0.00456,0.01368,0.00456
0,31.063697814941406,0.0,0.00912,0.0
0,31.08051085472107,-0.00912,0.0,0.00912
0,31.109251976013184,-0.00456,0.0,0.04103
0,31.138939142227173,0.00912,0.00456,0.04559
0,31.161051034927368,-0.00456,0.0,0.0
0,31.189236879348755,0.00456,0.00456,0.01824
0,31.200002908706665,0.01368,0.00912,0.01368
0,31.228847980499268,0.00912,0.0,0.00912
0,31.251163721084595,0.01368,0.01368,0.00456
0,31.279160022735596,0.00912,0.00456,0.01368
0,31.302715063095093,0.00912,0.00456,0.01368
0,31.32992196083069,0.01368,0.00912,0.0
0,31.348773956298828,0.01824,0.01824,0.00456
0,31.36515188217163,-0.00456,0.00912,0.0
0,31.394299745559692,0.01824,0.00912,0.01368
0,31.418624877929688,-0.00456,-0.01368,-0.00456
0,31.442481756210327,0.00912,0.01368,0.03191
0,31.45487403869629,0.0,0.02279,0.0
0,31.48381471633911,0.00456,-0.03191,0.01368
0,31.499845027923584,0.02279,0.04103,0.01824
0,31.52920699119568,0.0,0.01368,-0.00912
0,31.556246995925903,0.01824,0.01824,0.01368
0,31.581225872039795,0.0,-0.01368,0.00456
0,31.60861897468567,0.0,0.00912,0.00456
0,31.619792938232422,0.01368,0.01368,0.00912
0,31.648897886276245,-0.00456,-0.00456,0.00456
0,31.668051958084106,0.01824,0.0,0.0
0,31.717157125473022,-0.00912,0.00456,-0.00912
0,31.72494673728943,0.01824,0.00912,0.01824
0,31.747525930404663,0.00912,0.00456,0.05471
0,31.7551007270813,0.00456,0.00912,0.02279
0,31.783823013305664,0.01368,0.0,-0.00912
0,31.83530902862549,0.00912,0.00912,0.0
0,31.858139038085938,0.00912,0.00456,0.0
0,31.86070704460144,0.02279,0.01368,0.00456
0,31.889200687408447,0.00912,0.00912,0.02279
0,31.903841018676758,0.00912,0.01824,0.00456
0,31.91986608505249,0.00456,0.00912,0.00912
0,31.948903799057007,0.01824,0.02279,0.0
0,31.974842071533203,0.01368,0.01368,-0.00456
0,32.00117087364197,-0.00456,-0.00456,0.00456
0,32.0100998878479,0.01824,0.00912,0.00912
0,32.05390501022339,0.01368,-0.00456,0.00456
0,32.06979990005493,0.01368,0.04103,0.0
0,32.08877778053284,0.00912,0.03647,0.00912
0,32.11629295349121,0.00912,0.03191,0.01824
0,32.13918209075928,-0.02279,-0.01824,-0.01368
0,32.16908884048462,0.00912,0.00456,-0.01368
0,32.17563199996948,0.01368,0.01824,0.00456
0,32.2037627696991,0.00912,0.00912,-0.00456
0,32.23068594932556,0.00912,0.00912,-0.00456
0,32.25622487068176,0.00912,0.0,0.0
0,32.26474380493164,0.00456,0.0,0.02735
0,32.30835795402527,0.0,0.01824,0.0
0,32.31093692779541,-0.00456,0.00456,0.03647
0,32.33879590034485,0.0,-0.00456,0.00456
0,32.354843854904175,0.00456,0.00456,0.01824
0,32.39306688308716,0.0,0.00912,0.01824
0,32.41649603843689,0.01824,0.01824,0.00912
0,32.42982292175293,-0.00456,0.00456,0.00456
0,32.45866799354553,0.0,0.00456,-0.00456
0,32.474859952926636,0.0,0.0,-0.01368
0,32.50481081008911,0.00456,0.00456,-0.00456
0,32.529982805252075,-0.00456,0.01368,-0.00456
0,32.55328679084778,0.00912,0.02279,0.00912
0,32.56530284881592,0.01824,0.00912,0.0
0,32.59386682510376,0.00912,0.0,0.01824
0,32.6098837852478,0.00456,0.0,0.0
0,32.63882803916931,0.01824,0.00456,0.04103
0,32.664039850234985,0.01368,0.0,0.00912
0,32.68909788131714,0.01824,0.01368,0.00456
0,32.71711993217468,0.00912,0.0,0.00456
0,32.7297420501709,0.00912,0.02279,0.04103
0,32.75883889198303,0.00456,-0.00456,0.00456
0,32.777809143066406,0.00456,-0.00456,0.00456
0,32.80512595176697,0.00456,0.0,0.01824
0,32.82681107521057,0.00912,0.0,0.00456
0,32.865057945251465,0.00456,-0.00456,0.01824
0,32.868247985839844,0.02279,0.00912,0.02279
0,32.893855810165405,-0.01368,0.00456,0.0
0,32.92493200302124,0.00456,0.00912,0.03191
0,32.949764013290405,-0.01368,0.00912,0.00912
0,32.97261571884155,0.00456,0.0,0.01824
0,32.9850127696991,0.00912,0.02279,0.00912
0,33.013766050338745,0.04559,0.00912,0.0
0,33.029799938201904,0.0,0.00456,0.00456
0,33.05944085121155,-0.00912,0.00912,0.0
0,33.08297681808472,0.02279,0.00912,0.00456
0,33.1061007976532,0.00912,0.01824,0.0
0,33.132890939712524,0.00912,0.0,0.02735
0,33.149147748947144,0.0,-0.00456,0.00912
0,33.16526198387146,0.00912,-0.00912,0.00456
0,33.194201946258545,0.00456,0.00912,0.00912
0,33.235442876815796,0.00912,0.00456,0.01368
0,33.23972988128662,0.00912,0.01368,0.00912
0,33.26895880699158,-0.00912,0.00456,0.0
0,33.285253047943115,0.01368,0.02735,0.01824
0,33.330288887023926,0.00456,-0.00456,-0.00456
0,33.34604096412659,0.00456,-0.00456,-0.00456
0,33.36916708946228,0.0,-0.00456,0.00456
0,33.375465869903564,0.00912,0.01824,0.02279
0,33.40493988990784,0.00456,0.0,0.00912
0,33.420562744140625,0.01824,0.02279,0.01368
0,33.456626892089844,0.01368,0.00456,0.0
0,33.46559691429138,0.00912,0.0,0.00912
0,33.50397491455078,0.01824,0.00456,-0.00456
0,33.53169298171997,0.03191,0.01824,0.00912
0,33.54052400588989,0.0,0.03191,0.00912
0,33.568798780441284,0.01824,0.00912,0.00912
0,33.59069085121155,-0.00456,0.00456,0.01824
0,33.6148579120636,0.00456,-0.00912,-0.00456
0,33.63789892196655,0.01368,0.0,-0.00456
